id,encoding
cmr121_mask1,3679 1 3775 1 3870 2 3966 2 4062 2 4158 2 4253 4 4349 5 4444 6 4540 7 4635 9 4731 10 4827 10 4923 11 4975 1 4979 7 5019 12 5070 3 5074 8 5114 13 5165 4 5170 9 5210 14 5262 3 5266 6 5273 1 5305 16 5349 2 5362 5 5368 1 5370 1 5401 18 5458 6 5465 2 5497 20 5518 5 5541 1 5549 9 5592 27 5636 1 5644 8 5688 26 5739 9 5784 26 5834 6 5841 1 5879 26 5931 4 5936 1 5975 25 6028 2 6071 25 6124 1 6167 24 6262 23 6358 22 6454 21 6551 19 6647 17 6743 14 6841 9 6939 4
cmr121_mask2,2253 7 2345 15 2439 18 2533 22 2628 9 2642 10 2724 7 2741 8 2819 7 2840 6 2915 5 2937 6 3010 4 3034 6 3106 3 3131 5 3202 3 3228 5 3297 3 3325 4 3393 3 3421 4 3488 4 3517 4 3584 4 3613 4 3680 4 3709 4 3776 4 3805 4 3872 4 3901 4 3968 4 3997 4 4064 4 4093 4 4160 5 4189 4 4257 4 4284 5 4354 4 4380 5 4450 5 4476 4 4547 5 4571 5 4644 5 4666 6 4741 5 4761 6 4837 5 4856 6 4934 6 4950 7 4965 1 5031 8 5044 8 5060 3 5127 20 5157 3 5224 16 5321 13 5419 10 5517 1 5637 1 5732 3 5753 2 5828 5 5849 2 5925 1 5943 4 6037 4 6125 1 6129 7 6220 12 6317 2 6320 2 6323 1 6325 1
cmr121_mask3,2637 5 2731 10 2826 14 2920 17 3014 20 3109 22 3205 23 3300 25 3396 25 3492 25 3588 25 3684 25 3780 25 3876 25 3972 25 4068 25 4165 24 4261 23 4358 22 4455 21 4552 19 4649 17 4746 15 4842 14 4940 10 5039 5 5272 1 5274 1 5367 1 5369 1 5464 1 5558 5 5652 7 5748 5 5840 1 5842 7 5935 1 5937 6 6030 7 6126 3
cmr122_mask1,2250 5 2343 13 2436 18 2528 27 2621 33 2716 35 2811 27 2842 1 2845 1 2907 25 3002 25 3097 23 3193 22 3289 21 3386 19 3482 18 3578 16 3674 16 3771 15 3867 14 3963 14 4060 12 4157 11 4254 9 4350 9 4446 8 4543 7 4639 6 4736 5 6091 2 6188 2
cmr122_mask2,2838 4 2843 2 2846 2 2932 13 3027 6 3037 6 3120 6 3134 6 3215 6 3233 4 3310 5 3330 4 3405 6 3427 4 3500 6 3524 4 3594 7 3621 3 3690 7 3717 4 3786 6 3814 3 3881 6 3910 4 3977 5 4007 3 4072 6 4103 4 4168 5 4199 4 4263 6 4295 4 4359 6 4391 4 4454 6 4487 5 4550 6 4583 5 4645 7 4679 5 4741 7 4774 6 4836 8 4870 6 4932 8 4966 5 5029 8 5061 6 5125 7 5157 6 5222 6 5252 7 5318 7 5348 6 5415 7 5443 7 5512 7 5539 7 5608 9 5634 7 5705 9 5728 8 5802 9 5823 8 5898 10 5918 9 5995 11 6011 11 6093 24 6190 22 6287 20 6385 16 6484 10
cmr122_mask3,3033 4 3126 8 3221 12 3315 15 3411 16 3506 18 3601 20 3697 20 3792 22 3887 23 3982 25 4078 25 4173 26 4269 26 4365 26 4460 27 4556 27 4652 27 4748 26 4844 26 4940 26 5037 24 5132 25 5228 24 5325 23 5422 21 5519 20 5617 17 5714 14 5811 12 5908 10 6006 5
cmr123_mask1,1949 3 2043 3 2138 3 2232 5 2328 4 2423 5 2519 5 2614 5 2710 5 2805 5 2900 5 2995 6 3091 6 3186 6 3282 6 3378 6 3473 7 3570 6 3667 5 3764 4 3860 4 3956 5 4051 6 4147 7 4243 7 4339 8 4435 9 4531 9 4627 10 4681 1 4723 10 4776 1 4819 12 4916 12 5012 13 5109 14 5205 12 5301 12 5398 10 5496 7 5593 3
cmr123_mask2,1767 1 1859 9 1952 1 1954 12 2046 18 2141 21 2238 22 2333 24 2428 25 2524 26 2619 7 2633 13 2715 7 2734 9 2810 6 2831 8 2905 6 2928 7 3001 6 3024 7 3097 5 3121 6 3192 6 3217 7 3288 6 3313 7 3384 7 3409 7 3480 7 3505 7 3576 7 3601 7 3672 7 3696 7 3768 8 3792 7 3864 8 3888 7 3961 8 3983 7 4057 8 4079 7 4154 8 4173 9 4250 8 4269 8 4347 8 4364 9 4444 8 4457 11 4540 10 4552 11 4637 22 4680 1 4682 1 4733 21 4777 2 4831 18 4869 1 4872 1 4874 1 4928 15 4965 1 4967 1 5025 12 5123 8
cmr123_mask3,2237 1 2332 1 2626 7 2722 12 2816 15 2911 17 3007 17 3102 19 3198 19 3294 19 3391 18 3487 18 3583 18 3679 17 3776 16 3872 16 3969 14 4065 14 4162 11 4258 11 4355 9 4452 5 4550 2
cmr124_mask1,2524 5 2620 7 2715 8 2810 9 2905 10 3001 10 3096 11 3192 11 3287 13 3383 14 3479 15 3575 16 3671 15 3767 15 3863 14 3959 14 4055 14 4151 13 4247 13 4344 12 4440 12 4536 12 4632 12 4728 12 4824 12 4919 13 5015 13 5111 14 5207 14 5303 14 5399 15 5496 15 5592 16 5689 16 5790 9 5887 5 6245 1
cmr124_mask2,3406 2 3411 1 3497 14 3592 17 3686 20 3782 20 3877 22 3973 22 4069 9 4083 9 4164 8 4180 9 4260 8 4277 8 4356 7 4374 7 4452 7 4470 7 4548 7 4567 6 4644 7 4662 7 4740 7 4758 6 4836 7 4853 7 4932 7 4949 7 5028 8 5044 8 5125 8 5139 8 5221 9 5233 9 5317 21 5414 20 5511 17 5608 15 5706 12
cmr124_mask3,4078 5 4172 8 4268 9 4363 11 4459 11 4555 12 4651 11 4747 11 4843 10 4939 10 5036 8 5133 6 5230 3
cmr125_mask1,3402 1 3592 1 3687 2 3781 3 3877 2 3972 2 4067 2 4161 4 4257 4 4352 5 4448 4 4543 6 4639 5 4735 6 4830 7 4925 8 5021 8 5116 9 5211 10 5306 11 5401 12 5497 12 5593 12 5689 12 5785 12 5881 12 5978 13 6074 13 6171 14 6268 14 6365 14 6463 7 6475 1
cmr125_mask2,3029 1 3119 11 3213 18 3307 7 3315 15 3403 4 3418 10 3497 5 3516 10 3593 2 3616 8 3689 1 3713 8 3811 7 3879 1 3908 7 3974 2 4005 6 4069 3 4102 6 4165 3 4199 5 4261 3 4295 5 4357 3 4392 5 4452 4 4488 5 4549 3 4584 6 4644 4 4681 5 4741 3 4777 5 4837 3 4873 5 4933 3 4969 5 5029 3 5065 5 5125 3 5161 5 5221 3 5257 4 5317 3 5353 4 5413 3 5449 4 5509 3 5544 4 5605 4 5639 4 5701 4 5735 4 5797 5 5829 6 5893 7 5925 5 5991 6 6019 6 6087 7 6114 6 6185 8 6207 8 6282 28 6379 25 6476 22 6579 10
cmr125_mask3,3314 1 3407 11 3502 14 3595 21 3690 23 3784 27 3880 28 3976 29 4072 30 4168 31 4264 31 4360 32 4456 32 4552 32 4648 33 4744 33 4840 33 4936 33 5032 33 5128 33 5224 33 5320 33 5416 33 5512 32 5609 30 5705 30 5802 27 5900 25 5997 22 6094 20 6193 14
cmr126_mask1,3395 8 3417 1 3490 10 3521 1 3584 13 3679 15 3774 16 3869 18 3965 17 4061 17 4157 16 4253 16 4349 16 4444 16 4540 16 4636 16 4732 15 4828 15 4924 15 5020 15 5116 15 5212 15 5308 15 5405 13 5501 14 5597 14 5694 14 5791 13 5888 12 5985 12 6082 11 6180 9 6279 7 6379 5 6476 4 6573 2
cmr126_mask2,3489 1 3512 7 3606 13 3701 16 3796 18 3891 20 3982 1 3985 23 4078 11 4091 13 4173 10 4189 12 4269 9 4288 9 4365 8 4385 8 4460 8 4482 8 4556 7 4579 7 4652 7 4676 6 4747 8 4773 6 4843 8 4869 6 4939 8 4965 6 5035 8 5062 5 5131 7 5158 5 5227 7 5253 6 5323 7 5349 6 5418 8 5445 6 5515 8 5541 5 5611 8 5637 5 5708 8 5732 6 5804 8 5828 6 5900 8 5923 6 5997 8 6017 8 6093 10 6112 8 6189 26 6286 25 6384 22 6480 20 6579 15 6677 11 6776 4
cmr126_mask3,4089 2 4183 6 4278 10 4373 12 4468 14 4563 16 4659 17 4755 18 4851 18 4947 18 5043 19 5138 20 5234 19 5330 19 5426 19 5523 18 5619 18 5716 16 5812 16 5908 15 6005 12 6103 9
cmr127_mask1,3003 1 3098 1 3193 1 3288 2 3383 2 3479 1 3575 1 3671 1 3766 2 3863 2 3958 2 4054 2 4150 1 4246 1 4342 1 4437 3 4533 3 4627 5 4722 7 4817 8 4913 9 5008 10 5105 10 5201 10 5297 11 5393 11 5490 11 5586 11 5683 12 5779 13 5875 14 5971 15 6068 17 6164 21 6260 23 6357 22 6454 18 6554 12 6653 8
cmr127_mask2,2342 7 2435 13 2529 17 2624 20 2719 5 2729 1 2735 6 2814 3 2832 6 2909 3 2929 6 3004 2 3028 4 3099 2 3125 4 3194 3 3221 4 3290 2 3319 3 3415 4 3512 4 3609 3 3705 4 3802 3 3898 4 3994 4 4091 3 4151 1 4187 3 4247 2 4283 3 4343 2 4379 3 4440 1 4475 3 4571 3 4666 4 4761 4 4825 1 4857 4 4953 4 5048 5 5115 1 5144 4 5211 2 5239 4 5335 4 5405 2 5430 4 5501 3 5525 4 5597 4 5619 5 5695 4 5713 6 5792 6 5808 5 5889 5 5902 6 5986 7 5994 9 6085 12 6185 6 6283 2 6379 1
cmr127_mask3,2724 5 2730 5 2817 15 2912 17 3006 22 3101 24 3197 24 3292 27 3385 30 3480 32 3576 33 3672 33 3768 34 3865 33 3960 34 4056 35 4152 35 4249 34 4345 34 4441 34 4536 35 4632 34 4729 32 4826 31 4922 31 5018 30 5116 28 5213 26 5308 27 5404 1 5407 23 5504 21 5601 18 5699 14 5798 10 5894 8 5993 1
cmr128_mask1,2724 1 2820 1 3393 1 3584 1 3680 1 3776 2 3871 2 3967 3 4063 3 4159 3 4256 3 4351 4 4447 4 4542 7 4588 1 4638 8 4681 1 4683 2 4733 10 4778 5 4828 12 4875 4 4924 13 4970 6 4981 1 4984 1 5019 15 5065 8 5076 6 5115 17 5160 9 5172 6 5211 18 5255 10 5268 6 5306 23 5348 1 5350 3 5354 6 5363 7 5402 25 5442 5 5453 2 5459 7 5498 25 5539 5 5548 14 5595 24 5635 2 5639 2 5642 14 5691 23 5731 2 5734 1 5736 17 5788 22 5827 1 5832 12 5845 1 5847 1 5884 22 5928 1 5930 9 5940 3 5980 21 6029 1 6033 1 6077 18 6174 14 6202 2 6271 10 6298 1 6368 7 6465 3
cmr128_mask2,2347 8 2441 13 2536 16 2630 20 2725 24 2821 25 2916 26 3012 27 3107 12 3121 14 3203 9 3222 10 3298 9 3319 9 3394 9 3416 8 3489 9 3512 8 3585 9 3608 8 3681 9 3705 7 3778 8 3801 7 3873 9 3897 7 3970 8 3993 7 4066 9 4088 8 4162 9 4183 8 4259 8 4278 9 4355 9 4373 9 4393 1 4451 10 4468 10 4489 4 4549 10 4561 13 4584 2 4646 23 4680 1 4743 21 4774 2 4840 19 4869 3 4873 1 4937 17 4964 4 5034 15 5059 6 5132 11 5155 5 5229 8 5251 4 5329 3 5347 1 5349 1 5637 2 5657 1 5733 1 5735 1 5753 1 5828 4 5848 1 5925 3 5943 2 6027 2 6034 5 6123 12 6220 5 6226 4 6317 1
cmr128_mask3,3119 2 3212 10 3307 12 3403 13 3498 14 3594 14 3690 15 3786 15 3882 15 3978 15 4075 13 4171 12 4267 11 4364 9 4461 7 4559 2 4586 2 4682 1 4776 2 4872 1 4874 1 4968 2 5656 1 5844 1 5846 1 5939 1 6030 3
cmr129_mask1,1749 3 1768 7 1779 1 1844 4 1863 16 1939 6 1957 16 2034 6 2052 13 2130 5 2146 14 2227 4 2241 13 2337 11 2432 11 2528 10 2623 10 2719 8 2815 8 2909 10 3005 10 3101 10 3197 9 3294 8 3390 7 3487 5 3584 4 3680 3 3776 3 3872 3 3969 1 6261 4 6356 5 6451 6 6548 6 6644 5 6740 4 6837 2
cmr129_mask2,1973 4 2065 11 2160 16 2254 19 2348 22 2443 7 2461 7 2538 6 2558 6 2633 5 2655 6 2727 6 2752 6 2823 6 2848 7 2919 6 2945 7 3015 5 3042 6 3111 4 3139 6 3206 5 3236 5 3302 5 3333 4 3397 6 3429 4 3492 7 3525 5 3588 7 3621 5 3683 8 3717 5 3779 8 3813 5 3875 8 3909 5 3970 9 4005 5 4066 9 4101 6 4162 9 4197 5 4259 8 4292 6 4355 8 4388 6 4452 6 4483 7 4548 7 4579 7 4645 6 4675 6 4741 7 4770 7 4838 6 4847 1 4865 7 4934 10 4959 8 5031 11 5052 11 5127 18 5146 12 5223 31 5320 29 5416 29 5513 27 5611 24 5709 20 5808 14 5907 8
cmr129_mask3,2450 11 2544 14 2638 17 2733 19 2829 19 2925 20 3020 22 3115 24 3211 25 3307 26 3403 26 3499 26 3595 26 3691 26 3787 26 3883 26 3979 26 4075 26 4171 26 4267 25 4363 25 4458 25 4555 24 4651 24 4748 22 4844 3 4848 17 4944 15 5042 10 5145 1
cmr130_mask1,3691 3 3783 7 3877 8 3971 9 4065 11 4159 13 4254 13 4348 15 4443 16 4538 17 4633 17 4729 17 4824 18 4920 18 5015 19 5111 20 5207 19 5302 21 5398 20 5494 21 5590 22 5686 22 5782 23 5878 23 5974 24 6070 24 6166 25 6263 25 6359 26 6455 27 6551 28 6647 28 6744 26 6840 25 6937 8 6946 13 7035 4
cmr130_mask2,3223 9 3316 14 3410 18 3504 22 3599 12 3615 8 3694 5 3713 8 3790 3 3810 8 3885 4 3908 7 3980 4 4007 6 4076 4 4104 5 4172 3 4201 5 4267 4 4298 5 4363 4 4395 4 4459 4 4491 5 4555 4 4588 4 4650 5 4684 5 4746 5 4780 5 4842 5 4877 4 4938 6 4973 4 5034 6 5069 5 5131 5 5165 5 5226 6 5261 4 5323 6 5357 4 5418 7 5452 5 5515 7 5548 5 5612 6 5643 5 5708 6 5739 5 5805 6 5835 4 5901 7 5930 5 5998 6 6025 5 6094 8 6120 5 6191 8 6214 7 6288 8 6308 8 6385 8 6400 11 6482 24 6579 20 6679 13 6779 4
cmr130_mask3,3611 4 3699 14 3793 17 3889 19 3984 23 4080 24 4175 26 4271 27 4367 28 4463 28 4559 29 4655 29 4751 29 4847 30 4944 29 5040 29 5136 29 5232 29 5329 28 5425 27 5522 26 5618 25 5714 25 5811 24 5908 22 6004 21 6102 18 6199 15 6296 12 6393 7
cmr131_mask1,4072 5 4163 11 4258 12 4353 12 4448 13 4544 13 4640 13 4735 14 4831 14 4927 14 5023 13 5118 14 5214 14 5310 14 5406 14 5502 14 5597 15 5694 15 5790 15 5871 3 5886 16 5966 5 5982 17 6062 6 6078 18 6158 6 6174 18 6254 7 6271 18 6350 5 6356 1 6368 19 6445 4 6450 1 6452 1 6465 18 6541 4 6546 3 6562 16 6638 3 6642 1 6660 14 6736 1 6760 8
cmr131_mask2,3412 3 3507 9 3603 11 3699 18 3794 20 3889 22 3984 25 4077 1 4079 28 4174 30 4270 9 4281 1 4284 17 4365 8 4383 6 4390 7 4461 7 4487 7 4557 7 4584 7 4653 7 4681 6 4749 6 4777 6 4845 7 4873 6 4941 6 4970 5 5036 8 5066 5 5132 8 5161 6 5228 9 5257 6 5324 9 5353 5 5420 10 5448 5 5516 10 5544 5 5612 10 5639 5 5709 11 5734 6 5805 12 5829 6 5902 12 5924 5 5999 13 6017 8 6096 24 6192 23 6289 19 6355 1 6387 14 6449 1 6451 1 6483 13 6545 1 6588 3 6641 1 6737 1
cmr131_mask3,4279 2 4282 2 4373 10 4389 1 4468 19 4564 20 4660 21 4755 22 4852 21 4947 23 5044 22 5140 21 5237 20 5333 20 5430 18 5526 18 5622 17 5720 14 5817 12 5914 10 6012 5
cmr132_mask1,4073 3 4167 7 4260 10 4354 12 4449 13 4545 13 4640 14 4736 13 4831 14 4927 14 5023 13 5119 13 5214 14 5310 14 5406 14 5502 14 5598 14 5694 14 5790 15 5872 1 5886 15 5967 4 5981 17 6062 5 6078 17 6158 5 6174 18 6254 3 6258 2 6270 19 6350 4 6367 20 6446 5 6464 19 6542 6 6561 18 6640 1 6642 1 6658 16 6737 1 6756 14 6854 11 6952 8 7051 3
cmr132_mask2,3605 6 3700 10 3795 18 3890 21 3985 23 4080 26 4174 29 4270 30 4366 8 4381 16 4462 6 4480 13 4558 6 4583 7 4654 6 4680 7 4749 6 4777 6 4845 7 4873 6 4941 6 4969 6 5036 8 5066 5 5132 8 5162 5 5228 9 5257 6 5324 9 5353 6 5420 10 5449 5 5516 10 5545 5 5612 10 5640 5 5708 11 5735 6 5805 11 5829 7 5901 12 5925 6 5998 13 6019 6 6095 15 6111 9 6192 23 6257 1 6289 20 6354 3 6387 17 6451 1 6483 14 6585 7 6641 1
cmr132_mask3,4374 7 4468 12 4564 19 4660 20 4755 22 4852 21 4947 22 5044 22 5140 22 5237 20 5333 20 5430 19 5526 19 5622 18 5719 16 5816 13 5913 12 6011 8 6110 1
cmr133_mask1,3483 1 3579 1 5402 4 5499 4 5594 5 5692 4 5788 5 5885 5 5981 6 6077 7 6173 7 6270 7 6367 10 6464 11 6562 12 6660 3 6664 2
cmr133_mask2,2159 2 2247 11 2342 14 2436 18 2531 22 2625 27 2721 28 2816 16 2833 12 2911 12 2925 1 2933 9 3007 9 3032 7 3102 8 3129 7 3197 9 3226 7 3292 9 3323 7 3388 8 3421 6 3484 7 3518 6 3580 6 3614 6 3675 7 3711 6 3771 6 3808 5 3866 7 3904 6 3963 6 4000 6 4060 5 4097 5 4156 5 4193 5 4252 5 4288 7 4349 4 4384 6 4444 6 4480 6 4541 6 4576 6 4636 7 4671 7 4733 6 4767 6 4829 7 4862 6 4926 7 4958 5 5021 9 5053 5 5118 9 5148 5 5214 9 5243 6 5309 11 5337 7 5406 11 5432 8 5503 11 5527 8 5599 12 5622 9 5696 13 5717 9 5793 14 5811 10 5890 26 5987 25 6084 24 6180 24 6277 21 6377 14 6475 10 6574 4
cmr133_mask3,2832 1 2923 2 2926 7 3016 16 3110 19 3206 20 3301 22 3396 25 3491 27 3586 28 3682 29 3777 31 3873 31 3969 31 4065 32 4161 32 4257 31 4353 31 4450 30 4547 29 4643 28 4739 28 4836 26 4933 25 5030 23 5127 21 5223 20 5320 17 5417 15 5514 13 5611 11 5709 8 5807 4
cmr134_mask1,2528 3 2619 9 2711 16 2804 18 2899 17 2994 18 3089 18 3185 17 3280 18 3376 18 3472 17 3568 17 3663 18 3759 17 3855 17 3950 18 4046 18 4142 18 4237 12 4250 6 4333 20 4429 20 4525 20 4620 22 4717 22 4813 22 4910 22 5006 22 5103 21 5199 22 5296 21 5393 21 5490 21 5587 21 5683 22 5780 25 5876 27 5904 1 5972 28 6068 27 6164 27 6261 25 6358 23 6455 21 6552 19 6649 16 6746 13 6843 11 6940 7
cmr134_mask2,2350 3 2443 9 2537 12 2632 15 2727 17 2822 19 2916 24 3012 9 3025 12 3107 7 3123 11 3202 6 3221 10 3298 5 3318 10 3394 4 3415 10 3489 4 3512 9 3585 4 3609 9 3681 5 3705 10 3776 6 3802 9 3872 6 3899 9 3968 6 3996 8 4064 6 4092 8 4160 6 4188 7 4256 7 4285 6 4353 6 4380 7 4449 7 4476 7 4545 8 4571 8 4642 8 4667 7 4739 8 4763 7 4835 9 4857 8 4932 9 4951 9 5028 10 5043 12 5124 26 5221 24 5317 22 5414 19 5511 17 5608 15 5705 13 5805 6 5903 1 5905 1
cmr134_mask3,3021 4 3114 9 3208 13 3303 15 3398 17 3493 19 3589 20 3686 19 3782 20 3878 21 3974 22 4070 22 4166 22 4263 22 4359 21 4456 20 4553 18 4650 17 4747 16 4844 13 4941 10 5038 5
cmr135_mask1,3591 2 3683 6 3778 7 3873 8 3966 11 4061 12 4156 13 4251 15 4345 16 4441 16 4536 17 4632 18 4727 20 4824 19 4919 2 4922 17 5015 20 5110 22 5206 23 5302 24 5399 23 5495 24 5591 25 5687 27 5783 30 5880 29 5976 29 6073 28 6170 27 6266 27 6362 26 6459 25 6556 23 6653 21 6750 19 6846 18 6943 14 7041 8 7140 2
cmr135_mask2,2360 10 2453 18 2547 21 2641 24 2736 26 2831 5 2839 1 2848 11 2926 3 2948 7 3021 3 3045 6 3116 3 3142 6 3211 3 3239 5 3307 3 3336 4 3401 3 3432 4 3496 4 3529 3 3593 3 3625 3 3689 1 3721 3 3817 3 3914 2 4010 2 4106 2 4202 2 4297 3 4363 1 4393 3 4458 2 4489 2 4554 2 4584 3 4651 3 4679 4 4747 3 4775 4 4823 1 4843 4 4870 4 4939 5 4965 4 5035 5 5060 5 5132 6 5156 5 5229 8 5251 5 5326 9 5344 7 5422 13 5436 10 5519 22 5616 20 5714 17 5813 12
cmr135_mask3,2836 3 2840 8 2929 19 3024 21 3119 23 3214 25 3310 26 3404 28 3500 29 3596 29 3690 31 3785 32 3881 33 3977 33 4073 33 4169 33 4266 31 4361 2 4364 29 4457 1 4460 29 4553 1 4556 28 4650 1 4654 25 4750 25 4847 23 4921 1 4944 21 5040 20 5138 18 5237 14 5335 9 5435 1
cmr136_mask1,3388 1 3483 2 3577 3 3672 3 3768 3 3863 3 3959 3 4054 4 4150 5 4245 6 4287 1 4340 7 4382 1 4384 1 4436 7 4479 2 4532 8 4575 2 4628 8 4671 2 4724 9 4820 9 4916 9 5012 10 5108 11 5204 12 5300 13 5395 15 5491 16 5587 18 5684 17 5782 17 5879 11 5979 6
cmr136_mask2,2737 1 2823 12 2916 16 3011 19 3105 26 3200 27 3294 29 3389 32 3485 33 3580 9 3597 17 3675 8 3694 16 3771 8 3791 16 3866 10 3888 15 3962 9 3984 15 4058 9 4081 14 4155 8 4178 14 4251 9 4275 12 4347 9 4372 10 4383 1 4443 10 4468 11 4540 9 4564 10 4636 10 4660 11 4733 10 4756 12 4829 11 4852 11 4925 12 4948 11 5022 11 5043 12 5119 11 5139 7 5148 2 5216 12 5233 8 5313 12 5328 8 5410 21 5507 19 5605 16 5701 14 5799 10 5897 1 5900 2
cmr136_mask3,3589 8 3683 11 3779 12 3876 12 3971 13 4067 14 4163 15 4260 15 4356 16 4453 15 4549 15 4574 1 4646 14 4743 13 4840 12 4937 11 5033 10 5130 9 5228 5 5325 3
cmr137_mask1,2621 4 2711 14 2805 15 2899 16 2995 16 3091 16 3186 16 3282 15 3378 14 3473 15 3569 14 3665 14 3760 15 3856 15 3951 16 4047 16 4143 16 4239 16 4334 17 4429 19 4525 19 4620 20 4716 20 4812 21 4908 21 5005 21 5101 21 5197 22 5293 23 5390 22 5487 22 5583 23 5680 23 5776 25 5872 29 5968 31 6064 30 6160 31 6257 28 6353 28 6450 27 6547 26 6643 25 6740 13 6837 10 6934 8 7032 4
cmr137_mask2,2253 8 2347 14 2441 18 2535 21 2630 8 2644 9 2725 7 2742 8 2820 7 2839 8 2915 6 2936 8 3011 5 3033 9 3107 4 3129 10 3202 4 3226 9 3297 5 3324 8 3392 5 3421 7 3488 5 3518 6 3583 5 3614 6 3679 5 3711 6 3775 5 3807 6 3871 5 3904 5 3967 4 4000 5 4063 5 4097 4 4159 5 4193 4 4255 5 4289 4 4351 5 4384 5 4448 5 4480 5 4544 5 4576 4 4640 6 4671 5 4736 6 4767 5 4833 5 4862 5 4929 6 4957 5 5026 6 5052 5 5122 7 5147 5 5219 7 5241 6 5316 7 5336 6 5412 9 5430 7 5509 10 5521 1 5523 9 5606 20 5703 18 5801 12 5901 6
cmr137_mask3,2638 6 2732 10 2827 12 2921 15 3016 17 3111 18 3206 20 3302 22 3397 24 3493 25 3588 26 3684 27 3780 27 3876 28 3971 29 4068 29 4164 29 4260 29 4356 28 4453 27 4549 27 4646 25 4742 25 4838 24 4935 22 5032 20 5129 18 5226 15 5323 13 5421 9 5519 2 5522 1
cmr138_mask1,508 7 602 16 694 21 788 24 883 26 976 30 1069 33 1164 35 1259 34 1355 33 1450 34 1545 32 1640 29 1735 29 1830 29 1925 28 2020 25 2048 1 2116 23 2144 1 2212 22 2308 22 2404 20 2500 17 2596 17 2693 16 2789 15 2886 14 2982 13 3079 13 3176 12 3273 12 3370 11 3468 8 3564 8 3660 7 3757 6 3853 6 3951 4 4047 4 4144 3 4241 2 4338 1 6746 1
cmr138_mask2,1577 3 1671 12 1764 17 1859 10 1872 7 1953 9 1970 7 2049 8 2068 6 2145 7 2165 6 2239 6 2263 5 2334 4 2360 5 2431 1 2457 4 2525 2 2553 4 2621 2 2650 4 2715 3 2747 3 2809 4 2843 4 2905 3 2940 3 2999 4 3036 3 3094 5 3132 4 3190 4 3228 5 3285 4 3324 5 3381 3 3420 5 3476 4 3516 6 3572 4 3612 6 3667 5 3709 5 3763 4 3806 4 3859 4 3902 4 3955 4 3998 4 4051 3 4094 4 4147 3 4190 4 4243 3 4261 1 4285 5 4339 3 4381 5 4435 4 4476 6 4531 4 4572 5 4628 3 4668 5 4724 2 4764 5 4821 3 4859 5 4918 2 4954 6 5014 3 5049 6 5111 7 5144 7 5207 8 5240 6 5303 8 5334 7 5399 9 5428 9 5496 9 5521 11 5593 9 5613 14 5690 10 5709 12 5787 11 5803 11 5886 22 5986 12 6087 4
cmr138_mask3,1869 3 1962 8 2057 11 2152 13 2245 18 2338 22 2432 25 2527 26 2623 27 2718 29 2813 30 2908 32 3003 33 3099 33 3194 34 3289 35 3384 36 3480 36 3576 36 3672 37 3767 39 3863 39 3959 39 4054 40 4150 40 4246 15 4262 23 4342 39 4439 37 4535 37 4631 37 4726 38 4824 35 4920 34 5017 32 5118 26 5215 25 5311 23 5408 20 5505 16 5602 11 5700 9 5798 5
cmr139_mask1,2461 2 2558 1 2652 4 2750 2 4637 2 4733 2 4828 3 4924 4 5019 6 5115 6 5211 6 5306 8 5350 2 5402 8 5445 2 5499 8 5541 4 5596 9 5637 5 5692 11 5734 5 5789 11 5831 6 5886 11 5928 4 5982 13 6080 9 6180 3
cmr139_mask2,2345 6 2440 9 2536 13 2556 2 2632 15 2651 1 2725 25 2820 27 2915 27 3010 25 3106 25 3201 29 3297 30 3393 31 3488 32 3584 32 3679 11 3695 18 3775 10 3795 14 3870 9 3891 14 3966 9 3988 13 4062 9 4084 13 4158 8 4180 12 4254 9 4277 11 4350 10 4372 12 4446 10 4467 12 4542 12 4562 13 4639 14 4657 14 4735 14 4752 14 4831 30 4928 28 5025 26 5121 25 5157 1 5217 24 5253 2 5314 22 5349 1 5410 20 5443 2 5507 19 5539 2 5605 16 5636 1 5703 12 5731 3 5800 10 5827 4 5897 7 5926 2
cmr139_mask3,3690 5 3785 10 3879 12 3975 13 4071 13 4166 14 4263 14 4360 12 4456 11 4554 8 4653 4 4749 3
cmr140_mask1,4630 1 4725 2 4821 2 4916 2 5009 5 5105 6 5201 6 5297 6 5393 6 5489 7 5585 7 5681 7 5777 9 5875 7 5971 8 6068 7 6164 9 6260 9 6356 10 6453 11 6549 13 6646 12 6743 10 6841 7
cmr140_mask2,3491 8 3584 14 3677 19 3772 21 3867 23 3963 6 3978 9 4058 6 4076 8 4153 6 4174 7 4249 5 4271 7 4344 4 4368 6 4440 3 4465 6 4535 4 4561 6 4631 4 4658 6 4727 4 4755 5 4823 4 4851 5 4918 5 4947 5 5014 5 5043 5 5111 4 5139 4 5207 4 5235 4 5303 4 5331 4 5399 4 5426 4 5496 4 5521 4 5592 4 5617 4 5688 5 5712 5 5786 3 5808 4 5882 5 5903 5 5979 6 5997 6 6075 8 6092 6 6173 7 6186 7 6269 19 6366 16 6464 12 6562 6
cmr140_mask3,3969 9 4064 12 4159 15 4254 17 4348 20 4443 22 4539 22 4635 23 4731 24 4827 24 4923 24 5019 24 5115 24 5211 24 5307 24 5403 23 5500 21 5596 21 5693 19 5789 19 5887 16 5985 12 6083 9 6180 6
cmr141_mask1,3009 1 3104 1 3199 2 3295 2 3390 2 3486 2 3581 3 3677 3 3772 4 3868 4 3964 4 4060 4 4155 5 4251 5 4347 6 4443 6 4539 6 4635 7 4732 7 4828 7 4924 8 5020 9 5117 8 5213 9 5309 9 5406 9 5503 9 5600 9 5696 11 5793 14 5892 10
cmr141_mask2,2351 3 2443 12 2537 16 2630 20 2725 23 2819 9 2829 1 2834 11 2914 6 2933 8 3010 5 3030 8 3105 6 3127 7 3201 5 3224 7 3297 5 3320 7 3392 6 3416 8 3488 6 3512 8 3584 6 3609 8 3680 6 3705 8 3776 6 3802 7 3872 6 3898 7 3968 6 3994 7 4064 6 4090 7 4160 7 4185 8 4256 7 4281 8 4353 7 4377 8 4449 7 4473 7 4545 8 4568 8 4642 8 4663 9 4739 8 4758 9 4835 8 4853 10 4932 9 4947 11 5029 24 5125 23 5222 21 5318 20 5415 18 5512 16 5609 13 5707 8 5807 1 6897 1 6992 2 7089 1
cmr141_mask3,2828 1 2830 4 2920 13 3015 15 3111 16 3206 18 3302 18 3398 18 3494 18 3590 19 3686 19 3782 20 3878 20 3974 20 4070 20 4167 18 4263 18 4360 17 4456 17 4553 15 4650 13 4747 11 4843 10 4941 6
cmr142_mask1,2906 1 3001 2 3096 3 3191 4 3286 3 3380 4 3475 5 3570 6 3665 7 3761 7 3857 7 3952 7 4048 7 4144 7 4239 8 4335 8 4431 9 4527 9 4622 10 4718 11 4814 11 4910 12 5006 12 5103 12 5199 12 5295 13 5392 12 5488 13 5585 13 5681 14 5779 14 5875 16 5972 18 6069 20 6090 1 6165 23 6262 19 6360 15 6459 10
cmr142_mask2,1775 1 1867 12 1959 18 2053 24 2146 29 2241 31 2336 9 2362 7 2431 6 2460 7 2526 4 2557 7 2621 3 2655 5 2716 4 2751 6 2812 2 2848 5 2907 3 2944 6 3003 1 3041 5 3099 1 3138 5 3234 5 3289 2 3331 5 3384 3 3427 5 3480 3 3523 5 3576 4 3620 4 3672 4 3716 4 3768 4 3812 4 3864 4 3908 5 3959 4 4004 5 4055 4 4100 4 4151 5 4195 5 4247 5 4291 5 4343 5 4387 5 4440 4 4482 5 4536 4 4578 5 4632 5 4673 5 4729 4 4768 6 4825 5 4863 6 4922 4 4958 6 5018 5 5053 6 5115 6 5148 7 5211 8 5244 5 5308 9 5337 8 5404 11 5431 8 5501 10 5525 9 5598 16 5618 11 5695 30 5793 26 5891 19 5990 13 6089 1 6091 5
cmr142_mask3,2345 17 2437 23 2530 27 2624 31 2720 31 2814 34 2910 34 3004 37 3100 38 3195 39 3291 40 3387 40 3483 40 3580 40 3676 40 3772 40 3868 40 3963 41 4059 41 4156 39 4252 39 4348 39 4444 38 4540 38 4637 36 4733 35 4830 33 4926 32 5023 30 5121 27 5219 25 5317 20 5415 16 5511 14 5614 4
cmr143_mask1,1583 4 1646 2 1671 12 1741 3 1763 17 1838 2 1856 21 1951 24 2045 24 2140 21 2236 19 2331 17 2426 17 2522 16 2617 16 2712 15 2808 14 2905 14 3001 13 3097 13 3194 12 3290 11 3387 9 3484 8 3581 7 3679 4 3776 4 3872 4 3969 3 4066 1 4162 1 5481 1 5577 1 5673 1 5769 1 5772 3
cmr143_mask2,1975 6 2069 10 2161 16 2255 9 2265 9 2348 9 2364 7 2443 6 2465 4 2538 7 2562 3 2633 7 2659 3 2727 8 2755 4 2822 8 2852 3 2919 5 2949 3 3014 5 3045 4 3110 5 3141 4 3206 4 3239 2 3301 5 3335 3 3396 6 3432 2 3492 5 3528 2 3588 5 3623 3 3683 6 3719 3 3780 4 3815 3 3876 3 3911 3 3972 3 4007 3 4067 5 4102 5 4163 5 4198 5 4259 5 4293 6 4355 5 4389 5 4451 5 4485 5 4548 5 4581 5 4644 4 4676 6 4741 4 4772 5 4838 4 4867 6 4934 4 4962 6 5031 5 5057 6 5128 4 5152 7 5225 5 5246 8 5322 5 5341 8 5420 9 5434 10 5517 22 5614 20 5711 18 5808 14 5906 10
cmr143_mask3,2264 1 2357 7 2449 16 2545 17 2640 19 2735 20 2830 22 2924 25 3019 26 3115 26 3210 29 3306 29 3402 30 3497 31 3593 30 3689 30 3784 31 3879 32 3975 32 4072 30 4168 30 4264 29 4360 29 4456 29 4553 28 4648 28 4745 27 4842 25 4938 24 5036 21 5132 20 5230 16 5327 14 5429 5
cmr144_mask1,2621 1 2623 1 2715 3 2810 3 2906 2 3002 2 3098 1 3669 1 3764 1 3860 1 3955 3 4051 3 4145 5 4240 6 4336 6 4433 5 4529 5 4626 4 4722 4 4818 4 4914 4 5011 4 5109 2 5112 1 5206 5 5305 2 5403 2 5499 2 5595 2 5692 1 5788 2 5884 3 5980 4 6076 5 6172 5 6269 6 6366 7 6466 5 6563 5 6661 1
cmr144_mask2,2531 11 2624 17 2718 22 2813 24 2908 27 3004 12 3019 14 3099 12 3118 12 3194 7 3217 10 3289 6 3316 8 3385 5 3413 8 3480 5 3510 7 3575 5 3608 6 3670 5 3705 6 3765 6 3802 6 3861 5 3899 5 3958 4 3995 5 4054 4 4092 5 4150 4 4188 5 4246 4 4284 5 4342 4 4380 5 4438 4 4476 5 4534 4 4572 5 4630 5 4668 6 4726 5 4764 6 4822 5 4860 6 4918 4 4956 5 5015 4 5052 5 5111 1 5113 1 5148 5 5211 1 5244 5 5339 6 5405 1 5434 7 5501 1 5529 7 5597 1 5625 7 5720 7 5815 7 5891 3 5911 6 5985 7 6005 6 6081 10 6097 9 6177 23 6275 20 6373 16 6471 9
cmr144_mask3,3016 3 3111 7 3201 16 3295 21 3390 23 3485 25 3580 28 3675 30 3771 31 3866 33 3962 33 4058 34 4154 34 4250 34 4346 34 4442 34 4538 34 4635 33 4731 33 4827 33 4922 34 5019 33 5114 34 5212 32 5307 32 5406 28 5502 27 5598 27 5693 27 5790 25 5887 4 5894 17 5984 1 5992 13 6091 6
cmr145_mask1,3966 2 4061 2 4157 3 4253 3 4349 4 4445 4 4541 5 4637 5 4733 5 4829 5 4925 6 5022 5 5118 5 5214 6 5310 6 5406 7 5502 7 5599 7 5696 6 5793 6 5889 6 5986 5 6083 4 6180 3 6277 4 6373 4 6470 3 6474 3 6478 1 6567 12 6665 8 6763 3
cmr145_mask2,2447 5 2540 11 2634 14 2728 18 2823 21 2918 24 3013 26 3108 27 3203 29 3298 31 3393 33 3489 34 3584 11 3598 22 3679 12 3695 22 3775 4 3792 9 3802 11 3871 3 3891 4 3900 10 3968 2 3988 3 3996 10 4063 3 4085 2 4092 11 4161 1 4181 1 4188 11 4268 3 4284 11 4360 5 4380 11 4449 4 4455 6 4476 11 4547 1 4550 7 4571 12 4643 11 4668 10 4740 11 4761 13 4835 14 4855 15 4932 17 4950 16 5028 34 5123 34 5220 32 5316 32 5413 30 5509 29 5606 27 5702 27 5799 25 5895 24 5991 22 6087 21 6183 18 6281 15 6377 14 6473 1 6477 1 6479 6
cmr145_mask3,3595 3 3691 4 3779 13 3801 1 3874 17 3895 5 3970 18 3991 5 4066 19 4087 5 4160 1 4162 19 4182 6 4256 12 4271 13 4353 7 4365 15 4453 2 4461 15 4546 1 4548 2 4557 14 4642 1 4654 14 4738 2 4751 10 4834 1 4849 6 4931 1 4949 1 5027 1
cmr146_mask1,1126 2 1222 3 1317 5 1413 6 1509 7 1606 7 1702 7 1799 6 1894 9 1991 2 1994 5 2088 1 2090 6 2137 2 2187 5 2233 2 2283 5 2328 3 2379 5 2424 2 2474 6 2519 2 2570 5 2614 3 2669 1 2707 6 2804 4 2900 4 2997 3 3092 4 3188 4 3283 4 3377 7 3472 7 3567 8 3661 10 3757 10 3853 10 3949 10 4045 10 4141 11 4237 11 4333 12 4429 12 4525 12 4622 12 4718 13 4814 14 4910 15 5006 16 5102 17 5197 18 5293 18 5389 19 5485 20 5581 20 5677 21 5773 22 5869 24 5965 24 6061 26 6157 27 6253 28 6349 29 6445 28 6541 28 6638 25 6734 24 6831 20 6929 16 7027 11
cmr146_mask2,1309 1 1385 22 1479 25 1571 31 1604 2 1665 33 1700 2 1759 40 1854 10 1879 1 1882 12 1948 7 1979 12 2043 5 2076 12 2139 3 2172 12 2235 1 2269 12 2331 1 2365 12 2426 3 2462 12 2521 4 2559 7 2568 2 2617 4 2655 7 2665 1 2713 4 2752 6 2808 4 2849 5 2904 3 2945 5 3000 3 3041 5 3096 3 3138 5 3192 3 3234 5 3287 4 3331 3 3384 3 3427 3 3479 4 3524 3 3575 4 3621 2 3671 4 3717 2 3767 4 3813 2 3863 4 3909 2 3959 4 4005 2 4055 4 4101 2 4152 4 4197 3 4248 4 4292 4 4345 4 4388 4 4441 5 4484 4 4537 5 4579 5 4634 5 4673 8 4731 4 4769 7 4828 4 4865 6 4925 3 4960 6 5022 4 5055 6 5119 4 5150 7 5215 5 5245 7 5311 5 5337 10 5408 5 5432 10 5505 5 5527 10 5601 7 5622 8 5698 7 5717 8 5795 8 5811 8 5893 8 5904 9 5989 17 6087 12 6184 9 6281 3
cmr146_mask3,1864 15 1880 2 1955 24 1993 1 2048 28 2089 1 2142 30 2184 3 2236 33 2281 2 2332 33 2377 2 2429 33 2525 34 2621 34 2717 35 2812 37 2907 38 3003 38 3099 39 3195 39 3291 40 3387 40 3483 41 3579 42 3675 42 3771 42 3867 42 3963 42 4059 42 4156 41 4252 40 4349 39 4446 38 4542 37 4639 34 4735 34 4832 33 4928 32 5026 29 5123 27 5220 25 5316 21 5413 19 5510 17 5608 14 5705 12 5803 8 5901 3
cmr147_mask1,3295 3 3300 6 3389 11 3483 12 3577 13 3672 14 3766 15 3862 14 3956 16 4050 17 4145 18 4240 18 4336 18 4431 18 4528 17 4624 17 4720 17 4816 17 4912 17 5008 17 5104 17 5199 18 5296 17 5392 17 5488 18 5584 18 5680 19 5777 18 5873 18 5970 18 6067 18 6164 18 6260 19 6357 19 6454 18 6554 13 6652 5
cmr147_mask2,3119 1 3121 1 3211 13 3306 15 3400 20 3495 22 3590 7 3607 7 3686 5 3705 6 3781 4 3804 4 3876 5 3900 5 3972 4 3998 4 4067 4 4095 4 4163 4 4191 4 4258 5 4288 4 4354 4 4384 4 4449 5 4480 5 4545 4 4576 5 4641 4 4672 5 4737 4 4768 5 4833 4 4865 4 4929 4 4960 5 5025 4 5056 5 5121 5 5152 4 5217 5 5248 4 5313 5 5344 3 5409 5 5439 4 5506 5 5535 3 5602 5 5629 5 5699 5 5725 4 5795 5 5820 5 5891 6 5915 5 5988 7 6010 5 6085 7 6105 5 6182 8 6195 9 6279 10 6290 9 6376 17 6472 15 6571 11
cmr147_mask3,3597 10 3691 14 3785 19 3881 19 3976 22 4071 24 4167 24 4263 25 4358 26 4454 26 4549 27 4645 27 4741 27 4837 28 4933 27 5029 27 5126 26 5222 26 5318 26 5414 25 5511 24 5607 22 5704 21 5800 20 5897 18 5995 15 6092 13 6190 5 6289 1
cmr148_mask1,1969 1 2059 8 2153 4 2159 3 2248 11 2343 5 2438 2 2532 1 2627 2 2721 2 2817 1 2912 1 3007 2 3097 8 3192 9 3286 10 3380 12 3474 13 3569 15 3664 16 3760 17 3856 13 3871 2 3951 15 3968 1 4047 15 4064 1 4143 18 4239 18 4335 19 4431 19 4527 19 4624 18 4720 18 4815 20 4912 19 5008 16 5104 14 5200 13 5297 12 5394 11 5491 9 5588 9 5601 1 5685 7 5696 3 5703 1 5782 7 5790 6 5800 1 5877 16 5895 3 5973 21 6068 25 6163 27 6259 28 6355 30 6451 32 6548 29 6644 28 6741 27 6837 27 6934 26 7031 24 7127 24 7224 22 7320 22 7416 21 7512 18 7609 16 7706 13 7803 9
cmr148_mask2,2067 17 2157 2 2163 20 2261 19 2358 19 2440 1 2471 1 2473 2 2533 4 2569 3 2629 3 2666 3 2723 5 2762 3 2818 4 2859 3 2913 4 2956 3 3009 4 3052 4 3105 4 3148 4 3201 3 3245 3 3296 4 3341 4 3392 4 3437 4 3487 5 3534 3 3584 4 3629 4 3680 4 3725 4 3777 3 3821 4 3873 3 3917 4 3969 3 4013 4 4065 3 4109 5 4161 4 4206 4 4257 4 4302 4 4354 3 4397 5 4450 3 4493 5 4546 4 4589 5 4642 4 4684 5 4738 5 4780 5 4835 4 4875 5 4931 4 4971 5 5028 4 5066 5 5125 4 5161 6 5221 6 5257 5 5318 5 5352 5 5414 6 5447 5 5511 8 5542 5 5607 9 5637 4 5704 9 5732 5 5801 9 5825 6 5898 10 5919 7 5994 13 6011 9 6093 21 6190 18 6287 15 6385 10 6483 1
cmr148_mask3,2162 1 2259 2 2348 10 2441 30 2472 1 2537 32 2632 34 2728 34 2822 37 2917 39 3013 39 3109 39 3204 41 3300 41 3396 41 3492 42 3588 41 3684 41 3780 41 3876 41 3972 41 4068 41 4165 41 4261 41 4357 40 4453 40 4550 39 4646 38 4743 37 4839 36 4935 36 5032 34 5129 32 5227 30 5323 29 5420 27 5519 23 5616 21 5713 19 5810 15 5908 11 6007 4
cmr149_mask1,3881 4 3973 7 4067 9 4162 10 4257 10 4351 12 4446 13 4540 15 4635 16 4730 17 4825 18 4921 18 5016 18 5112 19 5207 19 5303 20 5399 19 5495 20 5591 20 5686 22 5782 22 5878 23 5974 23 6071 23 6167 23 6263 24 6359 25 6455 26 6551 27 6647 28 6744 27 6840 27 6936 25 7033 7
cmr149_mask2,3319 9 3412 14 3507 17 3601 20 3695 11 3709 10 3790 5 3808 9 3885 4 3905 9 3980 5 4004 7 4076 4 4102 6 4172 3 4200 5 4267 4 4297 5 4363 4 4394 5 4459 4 4491 4 4555 4 4587 5 4651 4 4684 5 4747 4 4780 5 4843 4 4877 4 4939 4 4973 5 5034 5 5070 4 5131 5 5166 4 5226 6 5261 5 5323 5 5357 5 5418 7 5452 6 5515 6 5548 5 5611 6 5644 5 5708 5 5740 5 5804 6 5836 5 5901 6 5931 5 5997 6 6027 4 6094 7 6121 6 6190 8 6216 5 6287 8 6311 6 6384 8 6405 7 6481 9 6498 9 6578 23 6675 20 6775 13 6875 6
cmr149_mask3,3706 3 3795 13 3889 16 3985 19 4080 22 4175 25 4271 26 4367 27 4463 28 4559 28 4655 29 4751 29 4847 30 4943 30 5039 31 5136 30 5232 29 5328 29 5425 27 5521 27 5617 27 5713 27 5810 26 5907 24 6003 24 6101 20 6198 18 6295 16 6392 13 6490 8
cmr150_mask1,1445 1 3774 1 3869 2 3965 2 4059 4 4154 5 4249 6 4345 7 4441 7 4537 7 4633 7 4728 8 4824 8 4920 9 5015 10 5111 11 5207 11 5302 12 5398 12 5495 12 5591 12 5688 11 5785 11 5883 10 5982 7 6079 4 6175 3
cmr150_mask2,2738 2 2826 10 2918 20 3012 24 3106 28 3201 30 3297 30 3393 32 3488 14 3505 16 3584 12 3603 15 3679 12 3701 1 3703 12 3775 11 3800 12 3871 12 3897 12 3967 12 3992 14 4063 12 4087 15 4159 12 4184 15 4255 13 4280 15 4352 12 4376 15 4448 12 4473 14 4544 12 4570 14 4640 12 4667 13 4736 12 4763 13 4832 12 4860 12 4929 11 4955 13 5025 12 5051 13 5122 12 5147 13 5218 12 5240 15 5314 13 5333 18 5410 37 5507 35 5603 34 5699 34 5796 32 5893 30 5989 27 6087 23 6183 3 6189 16 6287 12 6387 3
cmr150_mask3,3502 3 3596 7 3691 10 3702 1 3786 14 3883 14 3979 13 4075 12 4171 13 4268 12 4364 12 4460 13 4556 14 4652 15 4748 15 4844 16 4940 15 5037 14 5134 13 5230 10 5327 6
cmr151_mask1,2725 1 2820 1 2913 4 3007 5 3102 6 3196 8 3290 11 3385 12 3480 14 3576 14 3672 14 3767 15 3863 15 3959 16 4054 17 4150 18 4246 19 4342 19 4438 20 4534 20 4630 21 4727 21 4823 21 4919 22 5015 24 5111 24 5206 26 5302 25 5398 19 5418 5 5495 24 5591 22 5687 20 5709 2 5783 20 5804 4 5880 21 5902 3 5976 9 5986 3 5990 10 6073 8 6082 2 6086 7 6170 6 6184 3 6266 9 6276 9 6286 1 6363 23 6460 22 6557 18 6654 16 6750 12 6848 7
cmr151_mask2,2253 4 2259 5 2347 15 2442 18 2536 22 2631 24 2726 26 2821 28 2917 8 2927 19 3012 8 3026 17 3108 7 3126 13 3204 7 3225 11 3301 5 3324 8 3397 5 3420 9 3494 4 3516 9 3590 5 3613 8 3686 5 3709 9 3782 6 3805 9 3878 7 3902 8 3975 6 3997 9 4071 6 4094 7 4168 6 4190 7 4265 7 4285 8 4361 8 4380 9 4458 8 4475 10 4554 10 4570 10 4651 10 4664 12 4748 24 4844 23 4941 22 5039 19 5135 18 5232 16 5328 15 5426 11 5521 11 5618 10 5714 9 5810 7 5907 5 6003 4 6099 4 6194 5 6289 4 6386 2
cmr151_mask3,2925 2 3020 6 3115 11 3211 14 3306 18 3402 18 3498 18 3595 18 3691 18 3788 17 3885 17 3981 16 4077 17 4174 16 4272 13 4369 11 4466 9 4564 6 4661 3 5327 1 5417 1 5423 3 5519 2 5613 5 5707 2 5711 3 5803 1 5808 2 5901 1 5905 2 5985 1 5989 1 6000 3 6081 1 6084 2 6093 6 6176 8 6187 7 6275 1 6285 1 6287 2
cmr152_mask1,2618 10 2712 13 2807 15 2902 17 2997 19 3093 20 3188 22 3283 24 3379 24 3474 23 3569 24 3664 25 3759 26 3854 26 3950 26 4045 17 4064 7 4141 17 4160 7 4237 12 4251 12 4333 12 4346 13 4429 26 4525 26 4621 26 4717 26 4813 26 4909 26 5005 26 5102 25 5198 24 5294 25 5391 23 5487 24 5583 24 5679 24 5775 25 5871 26 5967 26 6063 26 6159 27 6256 26 6352 27 6448 27 6544 27 6640 29 6736 29 6833 29 6930 27 7026 26 7122 25 7220 23 7316 23 7413 21 7510 16 7609 9
cmr152_mask2,3217 3 3311 8 3403 13 3497 16 3593 7 3602 8 3689 6 3702 5 3785 5 3800 4 3880 5 3896 5 3976 5 3993 5 4071 5 4089 6 4167 5 4186 5 4263 5 4283 4 4359 5 4381 3 4455 5 4477 3 4551 4 4574 2 4647 4 4670 3 4743 4 4766 3 4839 4 4862 3 4935 4 4959 2 5031 4 5055 3 5127 4 5151 3 5222 5 5246 4 5319 4 5342 3 5414 5 5438 3 5511 4 5533 4 5607 5 5629 4 5703 5 5725 4 5800 5 5820 4 5897 5 5916 4 5993 6 6012 4 6089 6 6107 5 6186 5 6203 5 6282 5 6298 5 6379 4 6394 5 6475 4 6489 5 6571 4 6585 4 6669 4 6680 4 6765 14 6862 12 6960 7
cmr152_mask3,3600 2 3695 7 3790 10 3885 11 3981 12 4076 13 4172 14 4268 15 4364 17 4460 17 4555 19 4651 19 4747 19 4843 19 4939 20 5035 20 5131 20 5227 19 5323 19 5419 19 5515 18 5612 17 5708 17 5805 15 5902 14 5999 13 6095 12 6191 12 6287 11 6383 11 6479 10 6575 10 6673 7
cmr153_mask1,1222 3 1318 3 1414 3 1509 7 1608 5 1704 5 1799 4 1894 8 1991 8 2088 7 2138 1 2183 1 2185 5 2233 1 2282 4 2377 5 2456 1 2458 1 2474 4 2615 1 2648 1 2650 1 2710 2 2745 1 2804 4 2893 3 2899 5 2990 3 2996 4 3086 10 3181 11 3277 11 3373 11 3469 11 3565 11 3661 11 3756 13 3852 13 3948 13 4045 13 4141 14 4238 13 4334 14 4430 15 4527 14 4624 13 4720 14 4816 15 4912 16 5007 18 5103 18 5199 18 5295 18 5390 19 5486 19 5582 21 5678 23 5774 23 5870 25 5965 27 6061 28 6157 29 6253 28 6349 28 6446 26 6542 26 6639 24 6736 20 6834 15 6932 11
cmr153_mask2,1292 5 1309 1 1385 13 1404 2 1479 23 1573 26 1666 29 1701 1 1759 35 1795 4 1854 9 1875 19 1949 7 1975 1 1977 14 2044 7 2075 13 2139 1 2141 1 2172 11 2234 2 2269 13 2328 4 2365 12 2424 4 2461 13 2520 5 2558 8 2616 5 2655 7 2712 5 2751 7 2808 5 2847 7 2904 5 2944 5 3000 4 3041 5 3096 4 3137 6 3192 4 3233 5 3288 5 3330 4 3384 5 3427 3 3480 5 3523 3 3576 5 3620 1 3672 5 3769 5 3865 5 3961 5 4058 4 4155 4 4195 2 4251 5 4291 2 4348 5 4386 3 4445 4 4481 4 4541 4 4577 4 4637 5 4672 5 4734 4 4768 4 4831 3 4863 5 4928 4 4959 4 5025 4 5053 6 5121 5 5149 5 5217 6 5243 6 5313 7 5337 7 5409 9 5432 7 5505 9 5527 7 5603 9 5621 7 5701 8 5716 7 5797 20 5895 16 5992 14 6089 4 6095 4
cmr153_mask3,1863 12 1956 19 1976 1 2051 24 2140 1 2142 30 2184 1 2236 33 2332 33 2428 28 2457 1 2459 2 2525 33 2621 27 2649 1 2651 4 2717 28 2746 5 2813 34 2909 35 3004 37 3100 37 3196 37 3293 37 3389 38 3485 38 3581 39 3677 40 3774 39 3870 39 3966 39 4062 39 4159 36 4256 35 4353 33 4449 32 4545 32 4642 30 4738 30 4834 29 4932 27 5029 24 5126 23 5223 20 5320 17 5418 14 5514 13 5612 9 5709 7
cmr154_mask1,2621 1 2715 3 2811 2 2906 2 3003 1 3765 1 3860 3 3956 2 4050 4 4145 5 4240 6 4336 6 4432 5 4528 5 4624 5 4720 5 4815 6 4911 6 5007 6 5103 6 5198 7 5294 7 5390 8 5486 8 5582 9 5678 9 5774 9 5870 9 5967 10 6063 10 6159 10 6255 11 6351 12 6448 17 6544 17 6640 16 6659 1 6737 15 6834 14 6931 13 7028 11 7126 8 7227 1
cmr154_mask2,2441 1 2531 10 2622 18 2718 20 2813 23 2908 27 3004 11 3021 12 3099 11 3120 10 3194 7 3218 9 3290 6 3315 9 3385 6 3412 8 3481 5 3508 9 3576 5 3605 8 3671 5 3702 8 3766 6 3799 7 3863 4 3895 8 3958 5 3992 7 4054 6 4088 8 4150 6 4184 8 4246 6 4280 9 4342 6 4376 9 4437 7 4473 8 4533 7 4569 8 4629 7 4666 7 4725 7 4762 7 4821 7 4858 7 4917 8 4954 7 5013 8 5050 7 5109 9 5145 8 5205 9 5241 8 5301 9 5337 7 5398 9 5433 6 5494 9 5529 5 5591 9 5625 5 5687 9 5720 5 5783 3 5787 5 5815 5 5879 3 5884 6 5909 6 5977 2 5980 10 5997 1 6001 9 6073 32 6169 31 6266 29 6363 27 6465 19 6562 14 6660 10 6757 4
cmr154_mask3,3015 6 3110 10 3201 17 3296 19 3391 21 3486 22 3581 24 3676 26 3772 27 3867 28 3963 29 4060 28 4156 28 4252 28 4348 28 4444 29 4540 29 4636 30 4732 30 4828 30 4925 29 5021 29 5118 27 5214 27 5310 27 5407 26 5503 26 5600 25 5696 24 5792 23 5890 19 5990 7 5998 3
cmr155_mask1,511 2 603 13 698 15 790 21 885 24 980 26 1074 28 1168 31 1263 31 1358 31 1453 31 1548 29 1644 27 1739 24 1835 24 1929 25 2024 22 2049 1 2119 21 2144 1 2214 21 2310 20 2406 20 2502 18 2599 15 2695 15 2791 14 2887 14 2984 14 3080 15 3177 14 3274 13 3371 12 3469 8 3567 6 3664 3 6458 1 6551 6 6647 6 6742 7 6839 6 6935 2 6938 4
cmr155_mask2,1577 3 1671 9 1763 17 1859 20 1954 23 2050 8 2063 11 2145 7 2160 11 2239 6 2259 9 2334 5 2357 8 2431 3 2454 7 2527 1 2550 7 2621 2 2648 6 2716 3 2746 5 2812 3 2842 5 2908 2 2938 5 3001 5 3034 6 3095 7 3131 6 3191 5 3227 6 3287 4 3323 7 3383 5 3420 6 3477 8 3516 6 3573 7 3612 6 3668 8 3681 1 3709 5 3765 7 3777 5 3805 5 3860 7 3872 7 3901 5 3957 2 3969 7 3996 6 4052 3 4065 7 4092 6 4148 2 4161 1 4163 5 4188 5 4244 2 4259 5 4283 6 4340 2 4356 3 4379 6 4436 3 4453 1 4475 6 4532 3 4571 5 4628 4 4666 6 4725 3 4761 7 4822 2 4857 6 4918 4 4952 7 5015 7 5047 7 5111 7 5141 8 5207 8 5235 10 5304 7 5329 11 5400 8 5424 11 5497 7 5519 11 5594 7 5613 9 5692 6 5707 9 5789 21 5888 14 5988 8 6089 1
cmr155_mask3,2058 5 2152 8 2245 14 2339 18 2434 20 2528 22 2623 25 2719 27 2815 27 2910 28 3006 28 3102 29 3196 31 3291 32 3388 32 3485 31 3580 32 3676 5 3682 27 3772 5 3782 23 3867 5 3879 22 3959 10 3976 20 4055 10 4072 20 4150 11 4162 1 4168 20 4246 13 4264 19 4342 14 4359 20 4439 14 4454 21 4535 36 4632 34 4728 33 4824 33 4922 30 5022 25 5118 23 5215 20 5311 18 5408 16 5504 15 5601 12 5698 9
cmr156_mask1,989 2 1085 4 1181 4 1277 4 1374 3 2154 10 2248 13 2343 16 2437 20 2532 19 2627 20 2722 19 2818 17 2914 15 3010 15 3106 13 3202 12 3298 11 3394 10 3490 9 3586 7 3682 6 3779 5 3875 4 3971 5 4067 5 4164 4 4260 4 4356 4 4451 5 4548 4 4644 4 4740 5 4836 5 4932 6 5029 4 5126 3 5130 1 5223 1 5226 1 5323 1 5419 2 5516 2 6208 2
cmr156_mask2,2457 7 2551 10 2647 13 2721 1 2741 16 2817 1 2835 8 2848 6 2913 1 2929 6 2945 6 3009 1 3025 3 3044 4 3104 2 3119 5 3141 4 3200 2 3214 4 3239 2 3296 2 3309 5 3335 2 3393 1 3404 5 3431 3 3489 1 3499 5 3528 2 3593 7 3624 3 3688 8 3720 3 3784 7 3816 3 3879 8 3911 5 3976 7 4007 5 4072 7 4103 5 4168 8 4199 5 4264 8 4294 6 4360 8 4389 7 4456 8 4485 7 4552 8 4581 7 4648 9 4676 8 4745 8 4772 8 4841 9 4867 8 4938 9 4963 8 5034 9 5058 9 5131 9 5154 8 5227 10 5250 8 5324 11 5345 9 5421 12 5440 9 5518 27 5615 25 5713 22 5812 18 5909 17 6007 14 6105 11 6205 3
cmr156_mask3,2843 5 2935 10 3028 16 3124 17 3218 21 3314 21 3409 22 3504 24 3600 24 3696 24 3791 25 3887 24 3983 24 4079 24 4176 23 4272 22 4368 21 4464 21 4560 21 4657 19 4753 19 4850 17 4947 16 5043 15 5140 14 5237 13 5335 10 5433 7
cmr157_mask1,2921 4 3014 6 3108 7 3203 8 3297 10 3392 10 3487 10 3582 11 3677 11 3773 11 3868 12 3964 12 4060 12 4156 12 4252 12 4347 13 4443 13 4538 14 4634 14 4730 15 4826 16 4922 17 5017 18 5114 18 5209 19 5306 19 5402 19 5498 19 5595 21 5691 21 5788 23 5884 25 5980 26 6076 26 6173 15 6190 8 6270 15 6286 7 6366 15 6382 6 6463 20 6559 20 6656 17 6752 16 6848 15 6944 14 7041 11 7139 6
cmr157_mask2,2737 10 2830 15 2925 18 3020 20 3115 22 3211 11 3227 7 3307 6 3324 7 3402 6 3421 7 3497 6 3518 6 3593 5 3615 5 3688 6 3711 6 3784 6 3808 5 3880 6 3904 5 3976 6 4000 5 4072 7 4096 6 4168 7 4192 6 4264 7 4288 6 4360 8 4384 6 4456 8 4480 5 4552 9 4575 6 4648 9 4671 6 4745 9 4766 7 4842 9 4861 7 4939 9 4955 9 5035 9 5049 10 5132 22 5228 21 5325 20 5421 18 5517 17 5616 13 5712 11 5811 6 5909 2
cmr157_mask3,3222 5 3313 11 3408 13 3503 15 3598 17 3694 17 3790 18 3886 18 3982 18 4079 17 4175 17 4271 17 4368 16 4464 16 4561 14 4657 14 4754 12 4851 10 4948 7 5044 5 6188 2 6285 1 6381 1
cmr158_mask1,3105 2 3201 1 3297 1 3393 1 3488 1 3584 1 3624 1 3679 2 3719 1 3774 3 3815 2 3870 3 3911 2 3966 4 4007 2 4062 4 4103 1 4158 5 4254 6 4350 6 4445 7 4541 8 4580 1 4637 8 4733 8 4767 2 4772 1 4829 9 4863 2 4868 1 4925 10 4962 1 5021 11 5052 1 5057 3 5117 12 5144 2 5148 3 5153 2 5213 13 5240 7 5248 1 5309 14 5336 7 5344 1 5405 14 5433 1 5502 13 5598 14 5695 14 5720 6 5792 15 5814 5 5888 15 5984 16 6081 20 6177 22 6274 20 6370 21 6467 19 6564 18 6660 17 6756 16 6853 14 6950 12 7047 9 7146 4
cmr158_mask2,2153 13 2248 18 2344 23 2439 28 2534 12 2549 15 2630 7 2653 1 2657 4 2725 7 2753 5 2821 5 2851 4 2915 5 2949 3 3011 4 3045 3 3107 3 3140 5 3202 4 3237 4 3298 4 3334 3 3394 3 3431 2 3489 4 3527 2 3585 4 3623 1 3681 4 3777 4 3873 4 3970 2 4066 2 4163 3 4199 1 4260 3 4293 3 4356 4 4389 2 4452 4 4484 3 4549 4 4579 1 4581 1 4645 4 4673 4 4741 5 4769 3 4838 4 4865 3 4935 5 4960 2 4963 1 5032 4 5055 2 5129 5 5151 2 5226 5 5247 1 5323 6 5330 1 5343 1 5419 14 5434 7 5515 21 5612 19 5709 11 5811 3
cmr158_mask3,2546 3 2637 16 2654 3 2732 21 2826 25 2920 29 3015 30 3110 30 3206 31 3302 32 3397 34 3493 34 3589 34 3685 34 3720 1 3781 34 3877 34 3972 35 4068 35 4166 33 4263 30 4360 29 4456 28 4553 26 4649 24 4746 21 4842 21 4940 20 5036 16 5053 2 5134 10 5146 2 5231 9 5329 1 5331 5
cmr159_mask1,3294 3 3387 14 3481 15 3576 15 3671 16 3767 15 3862 16 3957 16 4052 16 4148 16 4243 16 4339 16 4435 15 4531 15 4627 14 4723 14 4819 14 4915 14 5011 15 5107 15 5203 15 5300 14 5396 14 5492 14 5588 15 5685 15 5781 16 5878 16 5974 17 6071 16 6167 13 6267 6
cmr159_mask2,3309 8 3401 15 3496 17 3591 21 3687 23 3782 24 3878 25 3973 8 3987 13 4068 7 4085 11 4164 6 4182 10 4259 6 4279 10 4355 6 4376 9 4450 6 4472 9 4546 6 4569 8 4641 7 4665 8 4737 7 4761 8 4833 7 4857 8 4929 8 4953 8 5026 7 5049 8 5122 7 5144 8 5218 8 5240 8 5314 9 5335 8 5410 10 5430 9 5506 28 5603 26 5700 24 5797 22 5894 19 5991 16 6087 14 6187 7
cmr159_mask3,3981 6 4075 10 4170 12 4265 14 4361 15 4456 16 4552 17 4648 17 4744 17 4840 17 4937 16 5033 16 5129 15 5226 14 5323 12 5420 10
cmr160_mask1,939 4 1035 4 1130 5 1227 4 1322 5 3004 1 3097 7 3192 11 3286 14 3381 16 3476 18 3571 18 3666 18 3761 18 3856 19 3951 19 4047 18 4142 19 4238 18 4334 18 4430 18 4526 17 4622 17 4718 17 4814 17 4911 16 5008 15 5106 13 5202 14 5298 14 5394 14 5490 15 5586 15 5681 16 5777 17 5873 18 5969 18 6066 18 6162 19 6258 19 6354 19 6451 18 6548 16 6644 15 6741 13 6838 11 6936 8 7033 4
cmr160_mask2,839 1 843 1 936 3 1032 3 1128 2 1224 3 1321 1 3309 1 3311 1 3401 11 3494 15 3589 17 3684 19 3779 20 3875 21 3970 22 4065 9 4081 8 4161 8 4178 7 4256 9 4275 7 4352 8 4372 6 4448 7 4468 6 4543 7 4565 6 4639 6 4661 6 4735 6 4757 6 4831 6 4853 6 4927 7 4949 6 5023 7 5045 6 5119 8 5141 5 5216 8 5236 6 5312 8 5332 6 5408 8 5428 6 5505 7 5524 5 5601 7 5620 5 5697 8 5715 6 5794 7 5810 6 5891 7 5904 7 5987 10 5998 9 6084 18 6181 16 6277 15 6373 1 6377 9 6475 5
cmr160_mask3,4074 7 4169 9 4265 10 4360 12 4455 13 4550 15 4645 16 4741 16 4837 16 4934 15 5030 15 5127 14 5224 12 5320 12 5416 12 5512 12 5608 12 5705 10 5801 9 5898 6 5997 1
cmr161_mask1,3392 3 3485 6 3579 8 3674 9 3769 11 3864 12 3960 12 4055 13 4150 14 4246 14 4341 15 4437 16 4533 16 4628 17 4724 17 4821 17 4917 17 5013 17 5110 17 5206 17 5303 17 5399 17 5496 16 5592 17 5688 17 5784 21 5881 21 5977 21 6074 20 6170 19 6267 18 6364 17 6460 16 6557 14 6654 9
cmr161_mask2,2352 5 2445 12 2539 17 2634 21 2729 25 2824 27 2918 8 2941 7 3014 6 3040 5 3109 6 3137 4 3204 6 3234 4 3299 6 3331 3 3395 5 3427 4 3491 5 3523 4 3587 5 3620 3 3683 5 3716 3 3780 4 3811 4 3876 4 3907 4 3972 4 4003 5 4068 5 4099 4 4164 5 4195 5 4260 5 4291 5 4356 6 4386 5 4453 6 4481 6 4549 6 4577 6 4645 6 4672 6 4741 7 4767 7 4838 6 4863 6 4934 8 4957 8 5030 9 5053 7 5127 9 5148 8 5223 10 5242 9 5320 11 5336 10 5416 13 5430 11 5512 24 5609 22 5705 21 5805 15 5902 12
cmr161_mask3,2926 15 3020 20 3115 22 3210 24 3305 26 3400 27 3496 27 3592 28 3688 28 3784 27 3880 27 3976 27 4073 26 4169 26 4265 26 4362 24 4459 22 4555 22 4651 21 4748 19 4844 19 4942 15 5039 14 5136 12 5233 9 5331 5 5429 1
cmr162_mask1,3769 1 3865 1 4534 1 4630 1 4726 1 4822 1 4918 1 5111 2 5207 2 5303 3 5399 3 5496 2 5592 3 5689 2 5785 3 5882 3 5978 4 6074 5 6170 5 6267 5 6363 5 6460 5 6557 6 6656 3
cmr162_mask2,3013 5 3106 14 3197 21 3292 24 3387 27 3483 8 3496 15 3578 1 3583 1 3598 10 3673 2 3677 1 3695 10 3792 9 3889 9 3960 2 3986 8 4055 3 4083 7 4151 3 4180 6 4247 3 4276 7 4343 2 4373 6 4438 3 4469 6 4535 1 4566 5 4662 5 4758 5 4823 1 4854 5 4919 1 4950 5 5046 5 5142 5 5237 6 5307 1 5333 6 5402 3 5427 8 5498 3 5524 6 5595 1 5597 1 5620 6 5691 3 5716 5 5788 2 5811 5 5885 2 5907 4 5982 2 6001 5 6079 7 6091 10 6175 21 6272 19 6368 17 6465 14 6563 9 6665 1
cmr162_mask3,3491 5 3579 4 3584 14 3675 2 3678 17 3770 22 3866 23 3962 24 4058 25 4154 26 4250 26 4345 28 4441 28 4536 30 4631 31 4727 31 4824 30 4920 30 5015 31 5113 29 5209 28 5306 1 5308 25 5405 22 5501 23 5596 1 5598 22 5694 22 5790 21 5887 20 5984 17 6086 5
cmr163_mask1,2566 1 2660 1 2662 1 2665 1 2722 1 2814 5 2906 9 3000 11 3095 12 3189 13 3284 14 3379 15 3473 16 3569 16 3664 17 3760 17 3855 18 3951 19 4047 19 4143 20 4239 19 4334 21 4430 21 4526 21 4623 20 4719 20 4815 20 4911 21 5007 22 5103 20 5199 20 5296 20 5392 21 5414 1 5489 20 5585 24 5681 24 5777 25 5874 23 5970 24 5995 1 6066 27 6162 29 6259 30 6356 31 6452 32 6549 30 6645 29 6742 27 6838 25 6935 23 7032 19 7128 18 7225 16 7322 15 7420 11 7519 7
cmr163_mask2,2063 13 2078 2 2154 25 2249 27 2344 10 2355 18 2439 7 2457 14 2534 6 2559 7 2567 1 2629 3 2661 1 2663 2 2723 3 2757 6 2819 3 2855 5 2915 3 2952 5 3011 3 3049 5 3107 3 3146 5 3202 4 3243 4 3298 4 3339 4 3394 3 3435 4 3489 4 3532 3 3585 3 3628 4 3681 3 3724 4 3777 3 3820 4 3873 4 3916 4 3970 3 4012 4 4066 3 4108 5 4163 2 4204 4 4258 4 4300 5 4355 3 4396 5 4451 3 4492 4 4547 3 4587 5 4643 4 4683 4 4739 4 4778 5 4835 4 4874 4 4932 3 4969 5 5030 2 5064 6 5126 4 5160 5 5223 5 5255 4 5319 5 5349 6 5415 6 5443 6 5511 7 5539 5 5609 7 5633 6 5705 8 5728 6 5802 8 5823 6 5899 9 5916 8 5996 21 6093 19 6191 16 6289 12 6387 5
cmr163_mask3,2354 1 2446 11 2540 19 2632 28 2726 31 2822 33 2918 34 3014 35 3110 36 3206 37 3302 37 3397 38 3493 39 3588 40 3684 40 3780 40 3877 39 3973 39 4069 39 4165 39 4262 38 4358 38 4454 38 4550 37 4647 36 4743 35 4839 35 4935 34 5032 32 5130 30 5228 27 5324 25 5421 22 5518 21 5616 17 5713 15 5810 13 5908 8
cmr164_mask1,3680 1 3775 2 3869 4 3964 5 4059 5 4154 6 4249 7 4345 7 4441 7 4536 8 4632 8 4728 9 4824 8 4920 9 5015 10 5111 11 5207 11 5304 10 5401 10 5497 10 5593 11 5689 12 5785 12 5882 12 5978 13 6074 14 6171 14 6267 15 6364 16 6460 19 6556 21 6653 22 6751 16 6849 9
cmr164_mask2,2549 1 2637 15 2730 20 2823 24 2918 27 3013 28 3108 30 3203 32 3299 11 3323 9 3394 10 3420 9 3489 10 3517 9 3585 8 3614 8 3681 7 3711 8 3777 7 3807 8 3873 6 3904 8 3969 6 4001 7 4064 7 4097 7 4160 6 4194 6 4256 6 4290 6 4352 6 4386 6 4448 6 4482 6 4544 6 4578 6 4640 8 4674 7 4737 6 4770 7 4832 10 4865 8 4929 9 4961 8 5025 10 5057 8 5122 9 5153 7 5218 12 5248 7 5314 14 5343 8 5411 15 5438 9 5507 16 5532 10 5604 16 5626 11 5701 32 5797 31 5894 29 5991 26 6088 24 6185 21 6282 19 6380 16 6479 12 6577 8 6675 3
cmr164_mask3,3310 13 3404 16 3499 18 3593 21 3688 23 3784 23 3879 25 3975 26 4071 26 4166 28 4262 28 4358 28 4454 28 4550 28 4648 26 4743 27 4842 23 4938 23 5035 22 5131 22 5230 18 5328 15 5426 12 5523 9 5620 6
cmr165_mask1,2329 5 2424 7 2518 9 2613 11 2708 12 2803 14 2898 17 2993 21 3088 21 3183 21 3279 20 3374 20 3470 19 3566 19 3662 19 3758 19 3854 19 3950 16 3967 1 4045 18 4142 17 4239 11 4251 4 4334 17 4429 18 4526 17 4622 17 4719 16 4815 16 4911 17 5006 19 5102 19 5198 19 5294 19 5390 20 5486 20 5583 20 5679 20 5775 22 5872 22 5968 23 6064 25 6110 2 6160 28 6204 5 6210 3 6257 25 6300 5 6306 1 6353 24 6395 8 6449 24 6491 8 6546 22 6586 9 6642 21 6683 6 6739 20 6780 5 6836 18 6877 1 6933 16 7030 14 7126 12 7223 8
cmr165_mask2,2733 1 2825 13 2919 20 3014 8 3025 11 3109 4 3123 10 3204 4 3222 8 3299 4 3320 7 3394 4 3417 6 3489 5 3514 6 3585 4 3611 5 3681 4 3707 5 3777 3 3803 5 3873 3 3899 5 3968 3 3996 5 4063 4 4092 5 4159 4 4188 5 4255 4 4283 6 4351 4 4379 6 4447 4 4475 5 4543 4 4571 5 4639 4 4667 5 4735 4 4763 5 4831 4 4858 5 4928 4 4953 6 5025 4 5049 5 5121 4 5145 4 5217 4 5241 3 5313 5 5336 3 5410 4 5431 2 5506 6 5526 3 5603 6 5620 4 5699 7 5715 4 5797 17 5894 14 5991 11 6089 7
cmr165_mask3,3022 3 3113 10 3208 14 3303 17 3398 19 3494 20 3589 22 3685 22 3780 23 3876 23 3971 25 4067 25 4163 25 4259 24 4355 24 4451 24 4547 24 4643 24 4739 24 4835 23 4932 21 5029 20 5125 20 5221 20 5318 18 5414 17 5512 14 5609 11 5706 9
cmr166_mask1,2817 1 2912 2 3007 3 3100 4 3193 6 3287 7 3382 7 3477 6 3573 6 3669 6 3766 5 3862 5 3958 5 4053 5 4149 5 4244 5 4340 5 4435 6 4531 5 4627 6 4722 7 4817 8 4913 8 5009 8 5104 9 5200 9 5296 9 5392 10 5488 10 5584 10 5680 11 5776 11 5872 12 5968 13 6064 13 6161 13 6257 14 6354 14 6451 14 6547 16 6645 12 6743 7
cmr166_mask2,2634 4 2723 12 2818 14 2914 16 3010 18 3104 5 3116 10 3199 5 3215 9 3294 6 3313 2 3316 5 3389 6 3414 4 3483 8 3511 4 3579 8 3608 4 3675 7 3705 5 3771 6 3801 5 3867 5 3898 5 3963 5 3995 5 4058 6 4091 5 4154 5 4187 5 4249 6 4284 5 4345 6 4380 5 4441 6 4476 5 4536 6 4572 5 4633 5 4668 5 4729 5 4764 5 4825 5 4860 6 4921 5 4956 5 5017 5 5052 5 5113 5 5148 5 5209 6 5243 6 5305 6 5339 6 5402 6 5434 7 5498 6 5530 6 5594 6 5625 6 5691 6 5720 7 5787 7 5814 8 5884 8 5908 10 5981 8 6002 11 6077 9 6097 11 6174 10 6190 13 6271 27 6368 24 6465 21 6563 16 6661 13 6763 2
cmr166_mask3,3109 7 3204 11 3300 13 3315 1 3395 19 3491 20 3587 21 3682 23 3777 24 3872 26 3968 27 4064 27 4159 28 4255 29 4351 29 4447 29 4542 30 4638 30 4734 30 4830 30 4926 30 5022 30 5118 30 5215 28 5311 28 5408 26 5504 26 5600 25 5697 23 5794 20 5892 16 5989 13 6086 11 6184 6
cmr167_mask1,3677 1 3772 1 3867 2 3963 2 4059 2 4155 2 4251 2 4347 2 4442 3 4538 3 4634 4 4730 4 4826 4 4921 6 5017 6 5113 6 5208 7 5304 8 5399 9 5495 10 5591 10 5687 11 5782 12 5878 13 5974 14 6070 15 6165 17 6261 18 6357 20 6454 21 6550 24 6646 21 6742 20 6839 18 6935 18 7032 16 7128 15 7224 13 7320 11 7418 8
cmr167_mask2,2831 3 2924 7 3016 12 3111 14 3205 19 3299 25 3394 28 3488 30 3583 18 3605 1 3607 8 3678 18 3705 7 3773 18 3804 4 3869 17 3900 5 3965 17 3997 4 4061 11 4077 1 4094 4 4157 10 4191 3 4253 10 4287 4 4349 9 4383 4 4445 9 4479 4 4541 9 4576 3 4638 7 4672 3 4734 7 4769 2 4830 7 4865 2 4927 7 4961 2 5023 7 5056 3 5119 7 5152 3 5215 8 5248 3 5312 7 5343 3 5408 8 5438 4 5505 8 5534 4 5601 9 5629 4 5698 9 5725 4 5794 10 5820 5 5891 10 5915 5 5988 11 6010 5 6085 11 6099 11 6182 22 6279 19 6377 16 6475 12 6574 5
cmr167_mask3,3601 4 3606 1 3696 9 3791 13 3886 14 3982 15 4072 5 4078 16 4167 24 4263 24 4358 25 4454 25 4550 26 4645 27 4741 28 4837 28 4934 27 5030 26 5126 26 5223 25 5319 24 5416 22 5513 21 5610 19 5707 18 5804 16 5901 14 5999 11 6096 3
cmr168_mask1,1577 6 1672 9 1762 17 1857 20 1952 22 2047 24 2142 25 2237 26 2332 28 2428 30 2524 32 2620 31 2715 26 2812 23 2851 1 2908 21 3004 20 3100 19 3196 18 3293 16 3389 15 3486 13 3582 12 3679 10 3775 10 3871 9 3968 8 4064 8 4160 8 4257 7 4353 7 4450 6 4547 5 4643 5 4740 4 4836 4 4933 3 5029 3 5126 3 5222 3 5320 1
cmr168_mask2,2651 4 2741 13 2835 16 2929 20 3024 10 3040 6 3119 7 3138 5 3214 7 3236 4 3309 7 3333 4 3404 7 3430 3 3499 8 3527 3 3594 8 3623 3 3689 8 3719 4 3785 6 3816 3 3880 6 3912 3 3976 6 4008 3 4072 6 4104 4 4168 6 4200 4 4264 6 4295 5 4360 5 4391 5 4456 4 4487 5 4552 4 4583 5 4648 4 4679 5 4744 4 4775 5 4840 5 4871 5 4936 5 4967 5 5032 6 5062 6 5129 6 5158 6 5225 6 5254 6 5321 7 5350 5 5418 6 5446 5 5515 6 5541 6 5612 6 5637 5 5709 5 5731 6 5806 5 5826 7 5903 6 5920 8 6000 23 6097 21 6194 19 6292 16 6389 13
cmr168_mask3,3034 6 3126 12 3221 15 3316 17 3411 19 3507 20 3602 21 3697 22 3791 25 3886 26 3982 26 4078 26 4174 26 4270 25 4365 26 4460 27 4556 27 4652 27 4748 27 4845 26 4941 26 5038 24 5135 23 5231 23 5328 22 5424 22 5521 20 5618 19 5714 17 5811 15 5909 11
cmr169_mask1,2529 1 2622 5 2717 7 2812 8 2907 9 3002 11 3097 12 3191 15 3287 19 3383 20 3479 19 3575 18 3670 18 3767 16 3863 16 3959 16 4055 16 4151 15 4248 13 4344 14 4439 15 4536 14 4632 13 4728 13 4824 13 4920 13 5016 13 5112 13 5208 13 5304 13 5401 12 5497 13 5592 15 5688 15 5784 16 5880 17 5976 18 6071 20 6167 18 6263 18 6360 16 6457 13 6554 7
cmr169_mask2,3407 7 3498 14 3593 17 3688 4 3693 1 3697 10 3783 5 3798 6 3879 5 3895 5 3975 4 3992 5 4071 4 4089 4 4166 4 4186 4 4261 5 4283 3 4358 3 4379 3 4454 3 4475 3 4550 3 4571 4 4645 4 4667 4 4741 4 4763 4 4837 4 4859 4 4933 5 4956 3 5029 5 5052 3 5125 5 5148 3 5221 5 5243 4 5317 6 5339 3 5413 6 5433 5 5510 6 5529 4 5607 5 5623 5 5703 6 5716 8 5800 18 5897 16 5994 13 6093 8
cmr169_mask3,3692 1 3694 3 3788 10 3884 11 3979 13 4075 14 4170 16 4266 17 4361 18 4457 18 4553 18 4649 18 4745 18 4841 18 4938 18 5034 18 5130 18 5226 17 5323 16 5419 14 5516 13 5612 11 5709 7
cmr170_mask1,3395 1 3576 1 3586 1 3670 3 3677 6 3715 2 3766 3 3773 6 3810 3 3861 4 3868 7 3904 5 3965 6 4002 3 4061 7 4099 2 4157 8 4196 2 4254 7 4293 1 4350 7 4445 8 4542 8 4637 9 4734 9 4830 9 4926 10 5022 11 5118 11 5214 12 5311 12 5407 13 5504 13 5600 14 5697 18 5793 21 5889 20 5986 19 6060 1 6082 19 6155 2 6178 20 6250 1 6252 1 6275 18 6344 5 6371 18 6440 5 6468 15 6536 5 6565 12 6661 10
cmr170_mask2,2157 5 2252 10 2346 14 2441 17 2536 21 2632 23 2727 10 2739 13 2823 6 2837 13 2918 5 2936 12 3014 4 3037 7 3110 3 3134 7 3205 4 3231 6 3300 4 3329 4 3396 4 3425 4 3491 5 3523 2 3587 5 3619 2 3683 4 3779 5 3875 5 3971 5 4068 3 4165 3 4195 1 4261 3 4290 3 4294 1 4357 4 4385 5 4453 5 4481 4 4550 5 4576 5 4646 6 4671 5 4743 6 4767 5 4839 7 4862 5 4936 7 4958 5 5033 7 5053 4 5129 11 5148 5 5226 22 5323 21 5420 19 5517 17 5614 13 5715 4
cmr170_mask3,2737 2 2829 8 2923 13 3018 19 3113 21 3209 22 3304 25 3400 25 3496 27 3592 27 3687 28 3784 26 3880 24 3976 26 4071 28 4168 27 4264 26 4361 24 4458 23 4555 21 4652 19 4749 18 4846 16 4943 15 5040 13 5140 8
cmr171_mask1,438 1 535 1 4157 1 4252 3 4347 4 4443 5 4538 5 4634 5 4730 5 4825 5 4921 4 4926 1 5017 2 5112 4 5208 3 5304 7 5400 7 5496 1 5498 6 5592 9 5688 9 5784 10 5880 12 5976 12 6073 12 6169 12 6265 12 6362 14 6384 1 6460 12 6557 9 6655 4
cmr171_mask2,3115 8 3209 13 3302 18 3396 21 3490 27 3585 28 3680 29 3775 31 3871 31 3966 33 4062 33 4158 34 4255 16 4279 9 4351 13 4377 7 4448 10 4473 7 4543 11 4570 6 4639 11 4666 6 4735 11 4761 7 4830 13 4857 7 4925 1 4927 12 4952 8 5019 16 5048 8 5116 15 5144 8 5211 16 5240 8 5311 13 5335 9 5407 13 5430 9 5504 13 5524 11 5601 14 5616 14 5697 28 5794 26 5892 23 5988 21 6085 19 6181 17 6277 15 6376 8 6477 1
cmr171_mask3,4271 8 4364 13 4458 15 4554 16 4650 16 4746 15 4843 14 4939 13 5035 13 5131 13 5227 13 5324 11 5420 10 5497 1 5517 7 5615 1
cmr172_mask1,1475 4 1569 5 1663 7 1757 8 1852 9 1947 6 2042 6 2137 5 2233 4 2328 4 2424 3 2520 2 2616 2 2711 2 2806 2 2901 3 2997 2 3092 3 3188 3 3284 3 3379 4 3473 6 3570 5 3666 6 3762 6 3859 5 3954 6 4049 8 4145 8 4241 9 4336 10 4432 11 4528 12 4585 1 4624 12 4680 3 4720 13 4776 3 4815 15 4873 1 4911 16 5007 17 5104 17 5200 20 5296 23 5393 22 5489 20 5586 19 5682 18 5779 16 5876 13 5973 10 6013 1 6109 2 6205 2 6301 3 6397 3 6493 3 6589 3
cmr172_mask2,1574 4 1670 10 1765 13 1861 15 1953 20 2048 22 2142 25 2237 5 2245 1 2256 8 2332 6 2354 7 2427 6 2452 6 2522 7 2549 6 2618 6 2646 5 2713 7 2742 5 2808 6 2839 4 2904 5 2936 3 2999 6 3032 3 3095 5 3128 3 3191 5 3224 3 3287 5 3321 2 3383 5 3416 3 3479 5 3512 3 3575 5 3608 3 3672 4 3704 3 3768 5 3799 3 3864 5 3894 3 3960 5 3990 3 4057 4 4085 4 4153 5 4180 5 4250 5 4276 5 4346 5 4371 5 4443 5 4466 6 4540 5 4561 6 4586 1 4636 7 4656 6 4683 1 4733 8 4750 7 4830 22 4869 4 4927 21 4965 3 5024 18 5060 4 5076 3 5121 13 5173 1 5220 5
cmr172_mask3,2242 3 2246 10 2338 16 2433 19 2529 20 2624 22 2720 22 2814 25 2909 27 3005 27 3100 28 3196 28 3292 29 3388 28 3484 28 3580 28 3676 28 3773 26 3869 25 3965 25 4061 24 4158 22 4255 21 4351 20 4448 18 4545 16 4643 13 4741 9
cmr173_mask1,2818 2 2912 4 3006 6 3100 7 3195 8 3290 9 3385 10 3481 10 3576 11 3672 10 3768 11 3864 11 3959 12 4055 13 4150 14 4246 14 4342 15 4438 15 4534 16 4631 15 4727 16 4823 16 4919 16 5015 17 5110 19 5206 19 5302 20 5398 22 5494 23 5590 24 5686 26 5782 28 5878 32 5974 32 6070 31 6166 31 6263 30 6360 28 6458 26 6555 24 6651 22 6748 21 6844 20 6941 18 7039 14 7139 4 7144 3
cmr173_mask2,2161 4 2253 15 2346 20 2441 22 2535 26 2629 29 2724 9 2742 13 2820 7 2840 11 2916 5 2939 9 3012 4 3036 8 3107 5 3133 8 3203 5 3230 7 3299 4 3327 6 3395 4 3423 7 3491 4 3519 8 3587 4 3616 6 3682 5 3712 6 3779 4 3808 6 3875 4 3905 6 3971 4 4001 5 4068 4 4097 5 4164 4 4192 6 4260 5 4288 6 4357 4 4384 6 4453 4 4479 6 4550 4 4574 7 4646 4 4669 7 4743 3 4764 8 4839 4 4859 8 4935 5 4954 8 5032 5 5049 8 5129 9 5143 9 5225 22 5322 21 5420 17 5517 16 5614 14 5712 10 5810 5
cmr173_mask3,2733 9 2827 13 2921 18 3016 20 3112 21 3208 22 3303 24 3399 24 3495 24 3591 25 3687 25 3783 25 3879 26 3975 26 4072 25 4168 24 4265 23 4361 23 4457 22 4554 20 4650 19 4746 18 4843 16 4940 14 5037 12 5138 5
cmr174_mask1,3015 1 3109 2 3203 4 3297 6 3392 7 3487 7 3583 7 3678 8 3774 8 3869 9 3965 9 4061 9 4157 9 4252 10 4348 10 4443 12 4539 12 4634 13 4730 14 4826 14 4921 15 5017 16 5113 16 5209 17 5305 18 5401 19 5497 20 5593 21 5689 22 5785 23 5882 23 5906 2 5978 28 6074 28 6171 14 6186 12 6267 14 6282 1 6284 1 6286 7 6364 13 6382 7 6460 13 6474 1 6478 7 6557 11 6574 7 6653 12 6669 8 6749 11 6765 7 6845 12 6861 6 6942 10 6957 4 7039 10 7052 5 7135 17 7232 15 7329 13 7429 7 7529 1
cmr174_mask2,2639 10 2733 14 2828 18 2922 10 2933 11 3016 5 3034 8 3111 4 3133 6 3207 3 3231 5 3303 3 3327 6 3399 3 3424 5 3494 4 3522 4 3590 4 3619 4 3686 3 3716 3 3782 3 3813 3 3878 4 3909 4 3974 4 4006 3 4070 4 4102 3 4166 5 4198 4 4262 5 4294 4 4358 5 4390 4 4455 4 4486 4 4551 5 4582 3 4647 5 4677 4 4744 4 4773 3 4840 5 4868 4 4936 5 4963 5 5033 6 5058 5 5129 7 5153 5 5226 7 5248 5 5323 8 5343 5 5420 8 5437 6 5517 10 5531 7 5614 19 5711 16 5808 13 5905 1 5908 3
cmr174_mask3,2932 1 3021 13 3115 18 3210 21 3306 21 3402 22 3498 24 3594 25 3689 27 3785 28 3882 27 3978 28 4074 28 4171 27 4267 27 4363 27 4459 27 4556 26 4652 25 4748 25 4845 23 4941 22 5039 19 5136 17 5233 15 5331 12 5428 9 5527 4 6185 1 6281 1 6283 1 6285 1 6377 5 6473 1 6475 3 6568 6 6665 4 6760 5 6857 4 6952 5 7049 3
cmr175_mask1,2905 1 3000 2 3095 2 3191 2 3286 3 3382 4 3477 5 3573 5 3668 5 3764 5 3860 6 3955 7 4051 7 4146 9 4242 10 4338 10 4434 11 4530 12 4625 13 4721 14 4817 15 4913 16 5009 17 5105 19 5202 21 5298 25 5394 24 5491 22 5587 22 5629 2 5683 22 5724 5 5730 2 5779 21 5820 9 5876 19 5915 10 5972 17 6011 10 6069 13 6107 10 6165 12 6203 10 6263 8 6299 10 6396 9 6492 9 6588 8 6684 5 6782 1
cmr175_mask2,1961 1 1963 4 2053 13 2147 17 2242 20 2336 23 2430 6 2449 7 2525 5 2547 6 2620 5 2644 6 2715 6 2741 6 2810 6 2838 5 2906 5 2935 4 3002 5 3031 4 3097 5 3128 4 3193 5 3224 4 3289 5 3321 3 3386 3 3417 4 3482 4 3513 4 3578 4 3609 4 3673 6 3705 4 3769 6 3800 4 3866 5 3896 4 3962 6 3991 5 4058 6 4086 5 4155 6 4181 6 4252 5 4276 6 4348 6 4371 6 4445 6 4466 6 4542 6 4560 7 4638 8 4654 8 4735 10 4746 11 4832 20 4929 18 5026 15 5124 11 5223 7 5323 1 5631 2 5729 1 6395 1 6491 1
cmr175_mask3,2436 13 2530 17 2625 19 2721 20 2816 22 2911 24 3007 24 3102 26 3198 26 3294 27 3389 28 3486 27 3582 27 3679 26 3775 25 3871 25 3968 23 4064 22 4161 20 4257 19 4354 17 4451 15 4548 12 4646 8 4745 1
cmr176_mask1,2067 2 2161 7 2256 9 2352 9 2448 11 2543 13 2638 15 2733 16 2827 18 2921 20 3015 22 3109 24 3199 30 3293 31 3388 32 3483 30 3579 26 3606 3 3674 21 3696 1 3770 21 3866 20 3962 18 4059 16 4155 15 4251 14 4348 13 4433 1 4444 13 4529 2 4541 12 4625 4 4638 11 4735 9 4832 8 4930 6 5029 2 5126 1
cmr176_mask2,3513 4 3609 5 3695 1 3697 6 3704 7 3791 7 3803 5 3886 8 3899 5 3980 10 3996 5 4075 10 4093 5 4170 9 4189 6 4265 8 4286 5 4361 6 4382 5 4457 5 4479 4 4553 4 4575 4 4649 3 4670 6 4744 4 4767 4 4840 4 4863 4 4936 4 4959 4 5031 5 5054 5 5127 5 5149 5 5223 6 5244 6 5320 5 5339 6 5416 7 5433 7 5513 7 5526 9 5610 20 5708 16 5806 12 5904 8
cmr176_mask3,3605 1 3703 1 3798 5 3894 5 3990 6 4085 8 4179 10 4273 13 4367 15 4462 17 4557 18 4652 18 4748 19 4844 19 4940 19 5036 18 5132 17 5229 15 5325 14 5423 10 5520 6
cmr177_mask1,4633 1 4729 1 5115 1 5209 4 5305 4 5400 5 5497 5 5593 6 5689 6 5787 5 5883 5 5979 6 6076 5 6172 5 6268 7 6364 9 6460 11 6556 17 6653 18 6673 1 6750 16 6846 16 6943 15 7039 14 7136 12 7233 9 7331 1
cmr177_mask2,2155 9 2248 13 2343 14 2437 19 2531 15 2547 8 2626 15 2644 9 2721 16 2741 10 2816 13 2839 13 2911 11 2936 13 3007 6 3039 6 3102 6 3136 6 3197 6 3233 6 3292 6 3329 6 3388 6 3426 5 3484 5 3523 5 3580 5 3619 5 3676 5 3716 4 3772 4 3812 5 3867 5 3907 6 3963 5 4004 5 4059 5 4100 5 4156 4 4196 5 4251 5 4292 5 4347 5 4388 5 4443 5 4484 6 4539 6 4580 5 4634 7 4675 7 4731 6 4771 5 4827 7 4866 5 4924 6 4961 6 5019 7 5056 7 5116 7 5152 6 5213 6 5247 6 5309 7 5341 8 5405 8 5435 10 5502 8 5531 9 5599 8 5626 9 5695 10 5721 9 5792 10 5817 8 5888 11 5910 9 5985 14 6003 11 6081 28 6177 27 6275 24 6373 19 6471 15 6573 6 6671 1
cmr177_mask3,2546 1 2641 3 2737 4 2829 10 2922 14 3013 26 3108 28 3203 30 3298 31 3394 32 3489 34 3585 34 3681 35 3776 36 3872 35 3968 36 4064 36 4160 36 4256 36 4352 36 4448 36 4545 35 4641 34 4737 34 4834 32 4930 31 5026 30 5123 29 5219 28 5316 25 5413 22 5510 21 5607 19 5705 16 5802 15 5899 11 5999 4
cmr178_mask1,3297 1 3580 2 3672 6 3766 7 3860 9 3953 2 3956 9 4049 12 4145 12 4196 4 4240 13 4291 5 4336 13 4386 7 4433 13 4482 7 4530 12 4577 8 4627 12 4673 8 4723 12 4769 8 4818 14 4866 7 4914 14 4963 5 5010 14 5061 2 5106 15 5156 4 5202 16 5254 1 5298 17 5394 18 5490 19 5586 21 5683 21 5779 23 5876 24 5972 26 6068 23 6166 19 6262 18 6358 17 6455 14 6552 10
cmr178_mask2,2919 15 3014 21 3108 24 3203 26 3298 27 3393 9 3412 10 3488 8 3509 10 3582 8 3607 8 3678 7 3704 7 3773 7 3800 7 3869 7 3897 6 3965 7 3993 6 4061 6 4089 6 4157 7 4185 6 4253 7 4281 7 4349 7 4377 7 4446 7 4473 9 4542 7 4569 8 4639 6 4665 8 4735 7 4761 8 4832 6 4857 8 4928 7 4953 8 4968 1 5024 8 5049 7 5060 1 5063 1 5121 9 5145 6 5218 9 5240 7 5315 10 5335 7 5412 11 5429 8 5509 22 5607 19 5704 17 5802 15 5900 12 5998 5
cmr178_mask3,3402 10 3496 13 3590 17 3685 19 3780 20 3876 21 3972 21 4067 22 4164 21 4260 21 4356 21 4453 20 4549 20 4645 20 4742 19 4838 19 4935 18 5032 17 5130 15 5227 13 5325 10 5423 6
cmr179_mask1,2709 5 2802 8 2894 13 2989 15 3085 16 3180 17 3209 4 3215 5 3276 18 3315 3 3372 19 3414 1 3468 19 3564 19 3660 19 3704 2 3756 18 3800 2 3852 17 3897 2 3948 17 3992 3 4044 17 4088 3 4140 16 4185 2 4236 16 4332 17 4428 18 4525 17 4622 16 4719 15 4816 14 4912 14 5007 14 5104 14 5199 16 5296 15 5391 16 5488 15 5584 15 5680 16 5776 17 5872 17 5969 18 6065 18 6161 21 6258 19 6354 19 6451 17 6548 15 6644 13 6742 8
cmr179_mask2,3213 2 3303 12 3395 19 3487 25 3583 8 3599 10 3679 7 3697 7 3774 6 3797 3 3869 7 3895 2 3965 6 3991 1 4061 7 4087 1 4156 7 4183 2 4252 7 4279 4 4349 6 4375 4 4446 4 4470 5 4542 4 4565 6 4638 4 4661 6 4734 4 4757 6 4830 4 4853 6 4926 5 4948 6 5021 6 5044 6 5118 5 5140 5 5215 4 5235 5 5311 5 5330 6 5407 6 5425 6 5503 6 5520 7 5599 6 5615 7 5696 6 5709 8 5793 7 5804 8 5889 8 5898 9 5987 14 6083 12
cmr179_mask3,3591 8 3686 11 3780 17 3876 19 3971 20 4068 19 4163 20 4259 20 4355 20 4450 20 4546 19 4642 19 4738 19 4834 19 4931 17 5027 17 5123 17 5219 16 5316 14 5413 12 5509 11 5605 10 5702 7 5800 4 5897 1
cmr180_mask1,3199 1 3293 3 3388 4 3482 5 3576 7 3670 9 3764 11 3859 11 3954 12 4049 13 4144 14 4239 15 4335 15 4431 16 4526 17 4622 17 4717 18 4813 19 4909 20 5005 20 5101 21 5196 23 5292 23 5388 24 5484 25 5581 25 5677 26 5773 28 5870 29 5966 30 6063 26 6159 25 6256 23 6353 20 6451 17 6547 16 6644 13 6742 8
cmr180_mask2,2539 8 2631 14 2726 17 2820 20 2915 22 3010 7 3024 10 3104 6 3121 10 3200 4 3219 8 3296 3 3317 7 3392 3 3414 6 3487 4 3510 7 3583 4 3607 6 3679 4 3704 5 3775 4 3800 5 3870 5 3896 5 3966 5 3993 4 4062 5 4089 5 4158 5 4185 5 4254 6 4281 5 4350 6 4377 5 4447 5 4473 4 4543 5 4569 4 4639 5 4664 4 4735 5 4760 4 4832 5 4855 4 4929 4 4950 5 5025 6 5045 5 5122 7 5140 5 5219 7 5235 6 5315 8 5329 7 5412 9 5422 9 5509 17 5606 14 5703 12 5801 8 5899 5
cmr180_mask3,3017 7 3110 11 3204 15 3299 18 3395 19 3491 19 3587 20 3683 21 3779 21 3875 21 3971 22 4067 22 4163 22 4260 21 4356 21 4452 21 4548 21 4644 20 4740 20 4837 18 4933 17 5031 14 5129 11 5226 9 5323 6 5421 1
cmr181_mask1,2814 2 2909 3 3004 4 3100 4 3196 4 3292 3 3387 4 3483 4 3579 4 3674 5 3770 5 3866 5 3961 6 4057 6 4153 6 4249 7 4345 7 4441 7 4538 6 4634 7 4730 7 4826 8 4922 9 5018 11 5115 10 5211 10 5307 12 5403 13 5499 14 5594 18 5615 1 5690 23 5786 21 5881 21 5924 1 5926 3 5932 1 5977 20 6073 19 6116 1 6118 1 6120 1 6122 3 6127 2 6170 15 6209 2 6218 1 6221 4 6266 15 6306 1 6308 1 6310 1 6312 1 6314 3 6318 3 6364 11 6399 1 6401 1 6403 3 6411 5 6461 9 6496 1 6498 1 6500 1 6507 4 6593 12 6691 6 6698 1 6789 2
cmr181_mask2,1871 3 1964 10 2057 14 2151 18 2246 20 2342 22 2437 24 2531 13 2551 6 2625 11 2648 6 2720 10 2745 6 2816 6 2842 6 2912 6 2940 5 3008 5 3037 5 3104 4 3134 5 3200 3 3231 4 3295 4 3327 4 3391 4 3424 3 3487 4 3520 3 3583 4 3616 3 3679 4 3712 3 3775 4 3808 3 3871 5 3903 4 3967 5 3999 4 4063 7 4095 4 4159 8 4191 4 4256 8 4286 5 4352 9 4382 5 4393 7 4448 10 4477 6 4488 11 4544 11 4571 8 4583 12 4641 13 4666 10 4678 2 4685 7 4737 14 4761 10 4773 2 4783 5 4834 15 4856 10 4868 2 4880 4 4931 15 4952 13 4977 3 5029 15 5047 13 5074 2 5125 28 5170 2 5221 27 5266 2 5319 24 5362 2 5416 23 5458 2 5513 21 5554 2 5612 3 5616 5 5623 7 5650 2 5722 4 5746 2 5818 4 5842 2 5915 3 5938 2 6011 3 6033 2 6108 2 6129 2 6204 4 6301 2 6398 1 6697 1
cmr181_mask3,2544 7 2636 12 2730 15 2822 20 2918 22 3013 24 3108 26 3203 28 3299 28 3395 29 3491 29 3587 29 3683 29 3779 29 3876 27 3972 27 4070 25 4167 24 4264 22 4361 21 4458 19 4555 16 4654 12 4680 5 4751 10 4775 8 4849 7 4870 10 4946 6 4965 12 5044 3 5060 14 5153 17 5248 18 5343 19 5439 19 5534 20 5630 20 5726 20 5822 20 5918 6 5925 1 5929 3 5933 5 6014 19 6110 6 6117 1 6119 1 6121 1 6125 2 6208 1 6211 7 6219 2 6303 3 6307 1 6309 1 6311 1 6313 1 6317 1 6400 1 6402 1 6406 5 6495 1 6497 1 6499 1 6501 6
cmr182_mask1,4057 2 4153 2 4248 2 4344 1 4439 2 4534 2 4629 3 4725 3 4821 3 4917 3 5013 3 5108 4 5204 4 5300 4 5395 5 5491 6 5587 6 5683 6 5779 7 5875 7 5971 8 6068 7 6164 8 6260 9 6356 10 6452 12 6549 15 6646 12 6742 11 6840 9 6938 7 7035 5 7132 3
cmr182_mask2,3589 7 3683 11 3777 15 3871 18 3965 21 4059 24 4155 25 4250 27 4345 28 4441 12 4454 15 4536 8 4554 12 4632 6 4651 11 4728 6 4748 10 4824 6 4844 10 4920 6 4940 10 5016 7 5036 11 5112 7 5132 10 5208 7 5228 10 5304 8 5324 9 5400 8 5420 9 5497 7 5516 8 5593 8 5611 9 5689 9 5706 9 5786 8 5802 9 5882 10 5896 10 5979 10 5990 1 5992 9 6075 21 6172 18 6269 16 6366 14 6464 10 6564 3
cmr182_mask3,4453 1 4544 10 4638 13 4734 14 4830 14 4926 14 5023 13 5119 13 5215 13 5312 12 5408 12 5504 12 5601 10 5698 8 5794 8 5892 4 5989 1 5991 1
cmr183_mask1,2914 1 3007 4 3101 6 3195 7 3290 7 3385 7 3480 7 3576 6 3672 5 3768 5 3863 5 3959 5 4055 4 4151 3 4247 3 4342 4 4437 5 4533 5 4628 6 4724 6 4820 6 4916 7 5012 7 5108 7 5204 7 5301 6 5397 6 5493 6 5589 7 5686 7 5782 7 5878 8 5974 8 6070 9 6166 8 6263 8 6360 8 6460 5
cmr183_mask2,2820 10 2915 13 3011 15 3107 17 3202 6 3212 10 3297 6 3309 10 3392 6 3407 9 3487 7 3504 9 3582 7 3602 8 3677 7 3698 9 3773 6 3795 9 3868 6 3891 10 3964 5 3988 9 4059 6 4085 9 4154 6 4181 9 4250 6 4277 10 4346 6 4374 9 4442 6 4471 8 4538 5 4567 9 4634 5 4664 8 4730 5 4760 8 4826 5 4856 8 4923 4 4952 8 5019 4 5048 8 5115 4 5144 8 5211 5 5241 7 5307 5 5336 8 5403 6 5432 7 5499 6 5527 8 5596 6 5622 9 5693 6 5717 9 5789 8 5812 10 5886 8 5905 12 5982 10 6000 12 6079 28 6174 28 6271 26 6368 23 6465 21 6566 12 6667 1 6669 3
cmr183_mask3,3208 4 3303 6 3398 9 3494 10 3589 13 3684 14 3779 16 3874 17 3969 19 4065 20 4160 21 4256 21 4352 22 4448 23 4543 24 4639 25 4735 25 4831 25 4927 25 5023 25 5119 25 5216 25 5312 24 5409 23 5505 22 5602 20 5699 18 5797 15 5894 11 5992 8
cmr184_mask1,3497 1 3591 3 3684 5 3778 7 3873 8 3967 10 4062 3 4067 6 4157 2 4162 7 4252 2 4258 7 4350 1 4354 7 4451 7 4547 8 4632 3 4642 9 4728 1 4730 1 4738 9 4824 1 4832 12 4920 3 4928 12 5015 3 5022 14 5111 4 5116 1 5118 15 5206 5 5214 11 5226 2 5302 7 5310 11 5397 8 5406 7 5414 1 5493 6 5502 5 5508 1 5510 1 5589 6 5598 4 5686 3 5694 1 5696 3 5783 1 5791 1 5888 1 6466 1
cmr184_mask2,2553 3 2561 1 2645 15 2739 18 2834 20 2927 24 3022 26 3117 27 3213 28 3308 29 3403 13 3423 10 3498 13 3520 9 3594 11 3617 8 3689 10 3713 8 3785 10 3810 7 3881 10 3906 7 3977 9 4002 7 4061 1 4073 10 4098 7 4156 1 4169 10 4194 7 4251 1 4265 11 4290 7 4345 4 4361 11 4386 7 4441 3 4458 11 4482 7 4537 3 4555 10 4577 7 4635 1 4651 12 4672 8 4729 1 4731 1 4747 13 4768 7 4825 3 4844 15 4863 8 4923 1 4941 26 5018 3 5038 24 5115 1 5135 23 5211 3 5232 21 5309 1 5329 19 5405 1 5426 18 5501 1 5524 7 5537 1 5597 1 5620 5 5693 1 5716 5 5789 2 5813 4 5885 3 5909 4 5981 3 6005 3 6077 3 6101 3 6174 2 6197 3 6271 1 6293 2 6368 2 6388 2 6465 1 6483 2 6562 2 6575 5 6659 3 6669 7 6756 15 6853 13 6957 2
cmr184_mask3,3416 7 3511 9 3605 12 3699 14 3795 15 3891 15 3986 16 4065 2 4083 15 4159 3 4179 15 4254 4 4276 14 4349 1 4351 3 4372 14 4444 7 4469 13 4540 7 4565 12 4636 6 4663 9 4732 6 4760 8 4828 4 4859 4 4924 4 4940 1 5021 1 5036 2 5117 1 5133 2 5225 1 5228 4 5321 8 5413 1 5415 11 5507 1 5509 1 5511 13 5602 18 5695 1 5699 17 5792 21 5889 20 5984 21 6080 21 6176 21 6272 21 6370 18 6467 16 6564 11 6662 7
cmr185_mask1,1881 2 1977 3 2066 11 2160 13 2255 14 2351 14 2446 16 2541 18 2637 18 2732 20 2826 23 2919 26 3013 28 3107 30 3197 36 3291 38 3385 39 3480 40 3576 38 3671 26 3702 7 3767 26 3801 4 3863 25 3897 3 3959 26 3988 7 4055 23 4088 2 4151 22 4247 21 4343 20 4439 19 4536 17 4633 16 4730 14 4826 14 4923 12 5020 11 5117 10 5215 8 5312 7 5409 6
cmr185_mask2,1883 1 1972 5 1980 1 3709 1 3805 1 3900 3 3985 3 3995 4 4078 7 4090 6 4173 7 4189 5 4268 7 4286 5 4363 7 4383 4 4458 7 4480 4 4553 6 4577 3 4649 4 4674 2 4744 5 4770 2 4840 5 4867 2 4935 6 4963 2 5031 5 5059 2 5127 5 5154 3 5223 5 5250 3 5319 5 5345 3 5415 4 5441 3 5510 6 5537 3 5607 5 5632 3 5703 5 5727 4 5800 4 5823 4 5897 4 5918 4 5993 6 6012 6 6090 7 6107 6 6187 10 6198 1 6202 6 6284 19 6382 15 6480 11
cmr185_mask3,4085 3 4180 9 4275 11 4370 13 4465 15 4559 18 4653 21 4749 21 4845 22 4941 22 5036 23 5132 22 5228 22 5324 21 5419 22 5516 21 5612 20 5708 19 5804 19 5901 17 5999 13 6097 10 6197 1 6199 3
cmr186_mask1,3389 1 3485 1 3580 1 3772 1 4536 1 4632 1 4728 2 4824 2 4919 4 5015 3 5111 3 5206 3 5302 3 5397 4 5493 4 5589 4 5685 5 5782 4 5878 5 5974 5 6070 6 6165 4 6170 4 6261 4 6266 4 6357 4 6363 4 6453 3 6460 4 6550 2 6556 5 6652 6 6664 1 6748 9 6758 1 6845 9 6943 7 7039 6 7135 6 7231 5
cmr186_mask2,3014 12 3108 16 3202 20 3297 22 3390 11 3405 11 3486 9 3506 7 3581 6 3605 4 3676 2 3702 4 3771 1 3773 1 3799 3 3867 3 3895 4 3962 2 3992 3 4058 2 4089 3 4154 2 4185 3 4249 2 4281 4 4345 1 4377 4 4440 2 4473 4 4569 4 4665 4 4761 4 4857 4 4953 4 5049 4 5114 2 5144 5 5209 3 5240 5 5305 4 5335 6 5401 4 5430 6 5497 5 5525 7 5593 5 5621 6 5690 4 5716 6 5786 5 5811 6 5883 7 5906 6 5979 8 6001 6 6076 8 6095 8 6174 7 6187 10 6270 22 6367 20 6464 16 6561 11 6658 6 6665 1 6757 1
cmr186_mask3,3401 4 3495 11 3587 18 3678 24 3774 25 3870 25 3964 28 4060 29 4156 29 4251 30 4346 31 4442 31 4537 32 4633 32 4730 31 4826 31 4923 30 5018 31 5116 28 5212 28 5309 26 5405 25 5502 23 5598 23 5694 22 5791 20 5890 16 5987 14 6084 11 6181 6
cmr187_mask1,2445 8 2540 13 2635 8 2651 2 2728 8 2750 1 2821 11 2917 10 3012 10 3108 9 3204 8 3299 8 3394 9 3490 9 3586 8 3681 9 3777 8 3873 8 3970 7 4066 7 4162 7 4259 6 4355 5 4451 5 4547 5 4644 3 4740 4 4837 3 4933 3 5030 2 5127 1
cmr187_mask2,2643 8 2736 14 2832 17 2927 19 3022 22 3117 8 3134 6 3212 8 3233 4 3307 7 3330 4 3403 6 3427 4 3499 5 3524 4 3594 6 3620 4 3690 5 3717 4 3785 6 3813 4 3881 6 3910 3 3977 6 4006 4 4073 6 4102 5 4169 6 4198 5 4265 6 4294 5 4360 7 4390 5 4456 7 4485 6 4552 7 4581 6 4647 8 4676 7 4744 8 4772 7 4840 8 4867 8 4936 10 4960 10 5032 11 5054 11 5128 12 5149 12 5224 15 5242 14 5321 30 5418 29 5515 27 5613 24 5711 22 5809 19 5907 16 6005 12
cmr187_mask3,3125 9 3220 13 3314 16 3409 18 3504 20 3600 20 3695 22 3791 22 3887 23 3983 23 4079 23 4175 23 4271 23 4367 23 4463 22 4559 22 4655 21 4752 20 4848 19 4946 14 5043 11 5140 9 5239 3
cmr188_mask1,2521 1 2616 2 2712 1 2807 1 2902 2 2997 3 3092 3 3188 3 3283 4 3377 6 3472 6 3568 6 3664 6 3759 6 3854 7 3950 8 4046 8 4141 9 4237 10 4333 9 4428 11 4524 11 4620 11 4716 12 4812 12 4909 12 5005 13 5102 12 5198 13 5294 13 5391 13 5488 13 5584 14 5681 14 5777 17 5873 20 5970 23 6066 22 6163 21 6259 19 6356 17 6452 16 6549 13 6646 10 6745 5
cmr188_mask2,1957 3 2049 11 2143 16 2237 21 2332 24 2427 6 2435 5 2442 11 2522 6 2541 9 2618 5 2638 10 2713 4 2736 9 2808 4 2832 10 2904 3 2930 9 3000 3 3027 8 3095 4 3124 8 3191 4 3221 7 3287 4 3318 6 3383 4 3415 5 3478 5 3511 6 3574 5 3608 5 3670 5 3704 5 3765 6 3800 5 3861 6 3896 5 3958 5 3993 4 4054 5 4089 4 4150 5 4185 4 4247 5 4281 3 4342 6 4377 3 4439 5 4473 2 4535 6 4568 3 4631 6 4663 4 4728 5 4759 3 4824 6 4854 3 4921 5 4949 4 5018 6 5044 5 5114 7 5140 4 5211 7 5235 4 5307 9 5328 7 5404 10 5422 7 5501 11 5516 8 5598 21 5695 18 5794 14 5893 9
cmr188_mask3,2433 2 2440 2 2528 13 2623 15 2717 19 2812 20 2907 23 3003 24 3099 25 3195 26 3291 27 3387 28 3483 28 3579 29 3675 29 3771 29 3867 29 3963 30 4059 30 4155 30 4252 29 4348 29 4444 29 4541 27 4637 26 4733 26 4830 24 4926 23 5024 20 5121 19 5218 17 5316 12 5414 8 5512 4
cmr189_mask1,2253 5 2348 7 2444 7 2543 5 2639 7 2736 7 2833 6 2929 2 2937 1 3032 3 3128 5 3223 7 3318 6 3401 2 3413 5 3493 8 3508 3 3587 11 3683 10 3778 11 3870 1 3874 11 3961 5 3970 11 4057 4 4066 10 4154 3 4162 10 4250 2 4259 2 4262 6 4345 4 4354 1 4356 7 4441 3 4453 4 4537 3 4546 7 4631 5 4642 6 4727 5 4738 7 4822 6 4833 8 4917 7 4930 7 5013 7 5026 7 5109 7 5122 7 5204 8 5217 8 5300 7 5313 9 5396 7 5408 10 5492 7 5505 9 5589 6 5602 8 5686 4 5698 8 5795 7 5891 8 5988 7 6086 5
cmr189_mask2,3324 3 3418 7 3489 2 3492 1 3511 11 3585 2 3604 15 3680 3 3693 2 3700 16 3775 3 3789 3 3795 18 3871 3 3885 4 3890 20 3966 4 3981 25 4061 5 4076 27 4157 5 4172 27 4252 7 4261 1 4268 28 4349 5 4355 1 4363 12 4376 16 4444 9 4457 11 4474 15 4540 6 4553 11 4570 15 4636 6 4649 11 4667 14 4732 2 4736 2 4745 11 4763 15 4828 2 4841 11 4860 14 4924 2 4937 11 4956 14 5020 2 5033 11 5053 13 5116 2 5129 11 5149 13 5212 2 5225 12 5245 13 5309 1 5322 12 5340 14 5418 14 5435 15 5514 31 5610 31 5706 29 5802 29 5899 27 5995 26 6085 1 6091 25 6181 2 6186 24 6283 22 6380 19 6477 18 6575 2 6579 12 6677 9
cmr189_mask3,4375 1 4468 6 4564 6 4648 1 4660 7 4756 7 4852 8 4948 8 5044 9 5140 9 5237 8 5334 6 5432 3
cmr190_mask1,3101 2 3196 3 3289 6 3383 7 3478 8 3573 9 3667 11 3762 11 3857 12 3953 12 4049 13 4144 14 4239 15 4334 16 4430 16 4525 17 4621 17 4717 17 4812 18 4908 19 5004 20 5100 20 5196 21 5292 21 5388 23 5484 23 5580 25 5677 26 5773 27 5869 28 5898 3 5965 32 6062 28 6159 26 6256 24 6354 21 6451 18 6548 16 6644 14 6741 11 6841 5
cmr190_mask2,2347 8 2438 16 2532 19 2627 22 2722 24 2817 5 2836 7 2912 3 2934 6 3007 4 3031 6 3103 3 3128 6 3199 3 3225 5 3295 3 3322 5 3390 4 3419 4 3486 4 3516 3 3582 3 3612 4 3678 3 3708 4 3773 4 3804 4 3869 4 3900 4 3965 4 3996 4 4062 3 4092 4 4158 3 4188 4 4254 3 4284 4 4350 4 4380 4 4446 4 4475 5 4542 4 4571 4 4638 4 4667 4 4734 5 4763 3 4830 5 4858 3 4927 5 4953 4 5024 4 5048 4 5120 6 5143 4 5217 8 5237 6 5313 8 5330 8 5411 7 5424 9 5507 10 5518 10 5605 16 5703 13 5800 9 5897 1 5901 2
cmr190_mask3,2822 14 2915 19 3011 20 3106 22 3202 23 3298 24 3394 25 3490 26 3585 27 3681 27 3777 27 3873 27 3969 27 4065 27 4161 27 4257 27 4354 26 4450 25 4546 25 4642 25 4739 24 4835 23 4932 21 5028 20 5126 17 5225 12 5321 9 5418 6 5517 1
cmr191_mask1,3099 2 3484 1 3578 1 3580 1 3674 1 3770 3 3865 5 3961 6 4057 5 4153 6 4249 6 4345 7 4440 8 4489 1 4537 7 4584 3 4633 7 4680 1 4729 7 4824 9 4920 9 4966 3 5016 11 5063 1 5112 12 5158 3 5208 13 5304 13 5352 1 5355 2 5400 14 5496 16 5544 1 5546 1 5548 1 5592 18 5688 19 5734 3 5738 2 5784 22 5880 21 5924 1 5926 3 5932 1 5934 1 5976 20 6028 1 6030 1 6072 20 6110 1 6116 1 6118 1 6120 1 6122 7 6168 19 6207 4 6218 7 6265 16 6302 1 6304 1 6308 1 6310 1 6312 1 6314 6 6361 15 6410 6 6458 12 6496 1 6506 5 6555 10 6593 3 6597 1 6599 7 6653 5 6689 2 6692 8 6789 3 6884 1 6886 1
cmr191_mask2,1871 1 1963 11 2054 18 2147 23 2243 25 2338 28 2432 9 2457 6 2527 5 2554 6 2622 5 2651 6 2718 4 2748 6 2813 3 2846 4 2909 2 2943 4 3004 2 3039 4 3101 1 3136 3 3195 3 3232 4 3291 4 3329 3 3387 3 3425 3 3483 1 3485 1 3521 4 3579 1 3617 4 3675 1 3713 4 3809 3 3905 3 4001 3 4097 3 4192 3 4288 3 4305 1 4383 4 4395 8 4448 2 4479 4 4490 10 4544 5 4573 6 4587 9 4640 7 4668 7 4679 1 4687 5 4736 8 4763 8 4785 3 4833 8 4858 8 4869 2 4881 4 4929 11 4953 13 4977 4 5027 10 5049 11 5074 2 5124 11 5143 11 5170 2 5221 27 5266 2 5317 26 5362 2 5414 25 5458 2 5512 14 5529 5 5554 2 5610 10 5627 3 5650 2 5707 5 5723 3 5746 2 5819 3 5841 3 5915 3 5937 3 6012 2 6033 2 6108 2 6129 1 6204 3 6301 1 6398 2 6495 1 6592 1 6786 3 6792 1 6885 1
cmr191_mask3,2441 16 2532 22 2627 24 2722 26 2816 30 2911 32 3006 33 3102 34 3198 34 3295 34 3390 35 3486 35 3581 36 3676 37 3773 36 3870 35 3967 34 4062 35 4159 33 4255 33 4352 31 4450 29 4549 24 4647 21 4681 6 4744 19 4775 10 4841 17 4871 10 4940 13 4969 8 5037 12 5060 3 5064 10 5135 8 5154 4 5161 9 5248 18 5343 9 5353 2 5357 5 5439 19 5534 10 5545 1 5547 1 5549 5 5630 20 5726 8 5737 1 5740 6 5822 19 5918 6 5925 1 5929 3 5933 1 5935 2 6014 14 6029 1 6031 2 6111 5 6117 1 6119 1 6121 1 6211 7 6303 1 6305 3 6309 1 6311 1 6313 1 6400 10 6497 9 6596 1 6598 1 6691 1
cmr192_mask1,3862 1 3958 1 4341 2 4436 3 4532 3 4627 4 4723 5 4819 5 4916 4 5012 5 5109 5 5205 6 5301 7 5397 8 5494 7 5592 6 5688 6 5785 6 5882 7 5978 10 5993 1 6075 14 6171 13 6268 11 6365 9 6463 5
cmr192_mask2,2535 5 2629 11 2723 15 2817 18 2911 5 2923 9 3006 3 3022 7 3100 4 3120 5 3195 4 3217 5 3290 4 3314 5 3385 3 3410 6 3480 4 3507 6 3575 4 3604 6 3671 3 3701 5 3767 2 3797 6 3863 2 3893 6 3959 3 3989 7 4054 4 4085 7 4150 4 4182 6 4246 4 4277 7 4343 4 4373 7 4439 4 4469 7 4535 5 4564 7 4631 5 4659 8 4728 4 4755 8 4824 5 4850 8 4920 6 4945 8 5017 6 5041 8 5114 6 5136 8 5211 6 5231 8 5308 6 5326 8 5405 7 5420 9 5501 8 5515 9 5598 21 5694 20 5791 17 5889 14 5988 5 5994 3
cmr192_mask3,2916 7 3009 13 3104 16 3199 18 3294 20 3388 22 3484 23 3579 25 3674 27 3769 28 3865 28 3962 27 4058 27 4154 28 4250 27 4347 26 4443 26 4540 24 4636 23 4732 23 4829 21 4926 19 5023 18 5120 16 5217 14 5314 12 5412 8 5509 6
cmr193_mask1,2905 2 3000 2 3095 2 3190 3 3285 4 3381 4 3476 5 3572 5 3668 5 3764 5 3860 5 3956 6 4052 6 4148 7 4244 7 4340 8 4436 9 4532 9 4628 11 4724 12 4820 13 4917 12 5013 14 5110 15 5206 18 5303 16 5399 16 5496 14 5591 12 5688 10 5786 4 5821 2 5915 6 6011 6 6107 6 6203 6 6300 5 6395 6 6492 5 6588 5 6685 3
cmr193_mask2,2053 9 2147 14 2242 16 2337 19 2431 22 2526 24 2621 12 2636 11 2716 10 2734 10 2811 9 2831 9 2907 8 2928 9 3002 8 3025 8 3097 9 3122 7 3193 9 3219 6 3289 8 3315 7 3385 8 3411 7 3481 8 3507 7 3577 7 3603 7 3673 8 3699 7 3769 8 3795 7 3865 9 3890 8 3962 8 3985 9 4058 8 4080 9 4155 8 4176 8 4251 9 4271 9 4348 9 4366 9 4445 10 4456 14 4541 25 4639 22 4736 20 4833 18 4929 16 5027 13 5125 9 5224 2 5341 1 5437 2 5533 3 5628 5 5724 6 5819 2 5823 4 5921 1 6581 1
cmr193_mask3,2633 3 2726 8 2820 11 2915 13 3010 15 3106 16 3202 17 3297 18 3393 18 3489 18 3584 19 3681 18 3777 18 3874 16 3970 15 4066 14 4163 13 4260 11 4357 9 4455 1
cmr194_mask1,2808 2 2836 1 2901 4 2996 5 3092 4 3187 5 3282 6 3377 6 3472 7 3568 7 3663 8 3758 8 3854 8 3950 8 4046 8 4142 8 4237 9 4333 10 4428 11 4524 12 4620 12 4716 13 4813 12 4909 13 5006 12 5102 13 5199 13 5295 13 5392 12 5489 12 5585 13 5682 13 5778 17 5801 2 5875 18 5896 1 5972 19 6068 18 6164 15 6262 11 6360 8
cmr194_mask2,2437 1 2527 12 2621 17 2714 25 2810 26 2905 29 3001 29 3096 31 3192 9 3208 16 3288 7 3305 15 3383 8 3404 12 3479 7 3501 11 3575 7 3597 12 3671 7 3694 11 3766 8 3791 10 3862 8 3887 10 3958 8 3983 10 4054 8 4079 10 4150 8 4175 9 4246 9 4271 9 4343 8 4367 8 4439 8 4463 8 4536 8 4558 9 4632 9 4654 8 4729 8 4750 8 4825 9 4845 8 4922 9 4940 9 5018 10 5035 9 5115 25 5212 23 5308 22 5404 21 5501 18 5598 15 5695 13 5795 6 5893 3
cmr194_mask3,3201 7 3295 10 3391 13 3486 15 3582 15 3678 16 3774 17 3870 17 3966 17 4062 17 4158 17 4255 16 4351 16 4447 16 4544 14 4641 13 4737 13 4834 11 4931 9 5028 7
cmr195_mask1,3677 3 3712 4 3772 4 3808 5 3867 5 3904 5 3962 6 4000 5 4058 5 4096 5 4154 6 4192 6 4249 7 4289 5 4346 7 4385 4 4442 7 4481 3 4538 7 4577 2 4634 8 4730 8 4826 8 4921 9 5017 9 5114 9 5210 9 5306 10 5403 10 5499 10 5595 11 5692 11 5789 11 5885 12 5982 11 6078 13 6174 15 6272 13 6370 9 6469 3
cmr195_mask2,2541 9 2635 13 2729 18 2824 20 2919 22 3014 23 3109 24 3204 26 3299 27 3394 29 3489 31 3584 32 3680 12 3698 14 3776 12 3795 13 3872 11 3893 11 3968 11 3989 11 4057 1 4063 12 4085 11 4153 1 4160 11 4181 11 4248 1 4256 11 4278 11 4344 2 4353 10 4374 11 4440 2 4449 11 4471 10 4537 1 4545 11 4567 10 4633 1 4642 11 4663 12 4729 1 4738 12 4758 12 4825 1 4834 15 4850 1 4852 14 4930 31 5026 31 5123 29 5219 28 5316 27 5413 25 5509 24 5606 22 5703 19 5800 16 5897 14 5993 12 6091 7 6189 2
cmr195_mask3,3692 6 3788 7 3883 10 3979 10 4075 10 4171 10 4267 11 4363 11 4460 11 4556 11 4653 10 4750 8 4849 1 4851 1
cmr196_mask1,3679 1 3774 2 3868 3 3962 5 4057 6 4152 7 4247 8 4343 8 4438 9 4533 10 4629 10 4725 10 4820 11 4916 11 5012 11 5108 12 5203 13 5299 13 5395 13 5491 14 5588 13 5684 13 5781 13 5878 13 5974 15 6073 12 6172 10 6270 9 6369 1
cmr196_mask2,2541 1 2635 6 2643 3 2729 17 2822 22 2916 26 3011 28 3106 30 3202 32 3297 11 3317 14 3393 10 3415 13 3488 10 3511 14 3584 9 3608 13 3680 8 3705 13 3776 7 3801 14 3871 8 3897 14 3967 8 3996 12 4063 8 4093 11 4159 8 4189 11 4255 8 4287 10 4351 8 4384 9 4447 8 4480 9 4543 8 4577 8 4639 9 4673 9 4735 9 4769 9 4831 10 4865 9 4927 10 4960 9 5023 10 5055 10 5120 9 5150 11 5216 10 5246 11 5312 11 5341 11 5408 12 5435 13 5505 13 5530 13 5601 14 5624 14 5697 17 5718 15 5794 35 5891 32 5989 28 6085 27 6182 24 6279 23 6377 19 6475 16 6573 12 6672 7
cmr196_mask3,3308 9 3403 12 3498 13 3593 15 3688 17 3783 18 3879 18 3975 21 4071 22 4167 22 4263 24 4359 25 4455 25 4551 26 4648 25 4744 25 4841 24 4937 23 5033 22 5129 21 5226 20 5323 18 5420 15 5518 12 5615 9 5714 4
cmr197_mask1,3402 1 3686 2 3781 3 3876 4 3971 4 4065 6 4161 5 4256 6 4352 6 4448 6 4543 7 4639 6 4735 6 4830 7 4926 8 5021 9 5117 9 5209 14 5305 14 5401 14 5496 15 5592 15 5688 15 5784 14 5880 15 5976 17 6073 17 6170 17 6267 17 6365 16 6467 12 6570 6 6668 4
cmr197_mask2,3025 6 3117 13 3212 19 3307 23 3403 6 3420 8 3497 5 3517 8 3592 4 3616 7 3688 3 3714 6 3784 3 3811 6 3880 3 3908 5 3975 3 4004 6 4071 4 4101 6 4166 4 4198 5 4262 4 4294 5 4358 4 4391 4 4454 4 4487 5 4550 3 4583 5 4645 4 4679 5 4741 4 4776 4 4837 5 4871 5 4934 4 4967 5 5030 4 5063 5 5126 4 5159 4 5223 3 5255 4 5319 3 5351 4 5415 3 5447 3 5511 4 5542 4 5607 5 5637 5 5703 7 5732 5 5798 9 5828 5 5895 9 5923 6 5993 8 6018 5 6090 10 6112 7 6187 12 6202 11 6284 24 6381 22 6479 18 6576 13
cmr197_mask3,3409 11 3502 15 3596 20 3691 23 3787 24 3883 25 3978 26 4075 26 4170 28 4266 28 4362 29 4458 29 4553 30 4649 30 4745 31 4842 29 4938 29 5034 29 5130 29 5226 29 5322 29 5418 29 5515 27 5612 25 5710 22 5807 21 5904 19 6001 17 6100 12 6199 3
cmr198_mask1,3191 1 3286 1 3382 1 3476 3 3571 4 3667 4 3762 5 3857 6 3953 6 4049 6 4144 7 4240 8 4336 8 4432 8 4528 8 4625 7 4721 8 4817 8 4913 8 5009 9 5105 10 5201 10 5298 9 5394 10 5437 1 5491 10 5587 11 5685 10 5782 11 5881 10 5980 16 6077 3 6085 9 6182 5 6688 2 6783 3 6878 9 6974 8
cmr198_mask2,1869 1 1871 1 1959 13 2051 19 2144 24 2239 27 2334 29 2429 15 2452 9 2524 9 2549 9 2619 8 2647 8 2714 8 2744 8 2810 7 2841 8 2905 6 2938 8 3001 5 3035 8 3096 5 3132 8 3192 5 3229 7 3287 6 3325 7 3383 5 3422 6 3479 5 3518 7 3575 6 3615 6 3671 6 3711 6 3767 6 3807 6 3863 6 3904 5 3959 6 4000 5 4055 6 4096 5 4151 6 4191 5 4248 6 4287 5 4344 6 4383 4 4440 6 4479 4 4536 7 4574 4 4632 7 4669 5 4729 6 4765 4 4825 7 4861 4 4921 8 4956 5 5018 8 5051 6 5115 8 5147 5 5211 11 5242 5 5307 12 5334 9 5404 13 5428 9 5501 32 5598 30 5695 28 5793 22 5891 18 5996 6
cmr198_mask3,2444 8 2533 16 2627 20 2722 22 2817 24 2911 27 3006 29 3101 31 3197 32 3293 32 3388 34 3484 34 3581 34 3677 34 3773 34 3869 35 3965 35 4061 35 4157 34 4254 33 4350 33 4446 33 4543 31 4639 30 4735 30 4832 29 4929 27 5026 25 5123 24 5222 20 5319 15 5417 11
cmr199_mask1,3580 1 3673 4 3768 5 3863 5 3959 5 4055 5 4150 6 4246 6 4342 7 4437 8 4533 9 4628 10 4724 11 4820 11 4917 11 5013 12 5109 12 5205 12 5301 13 5397 14 5493 15 5589 16 5687 16 5784 17 5881 21 5977 19 6074 16 6170 15 6268 11 6365 9
cmr199_mask2,2251 7 2345 12 2439 17 2533 23 2628 25 2723 27 2818 29 2913 9 2925 1 2933 11 3009 4 3034 6 3104 4 3131 6 3199 4 3228 5 3295 4 3325 4 3390 4 3422 4 3485 4 3518 4 3581 3 3615 3 3677 3 3711 4 3773 3 3807 4 3868 4 3903 4 3964 4 3999 4 4060 4 4095 4 4156 5 4191 4 4252 5 4286 5 4349 5 4382 5 4445 6 4477 5 4542 5 4573 5 4638 7 4668 5 4735 7 4763 6 4831 7 4858 7 4928 8 4953 7 5025 8 5048 8 5121 9 5142 9 5217 11 5236 10 5314 12 5331 10 5411 25 5508 23 5605 20 5703 16 5801 11 5902 3
cmr199_mask3,2922 3 2926 7 3013 21 3108 23 3203 25 3299 26 3394 28 3489 29 3584 31 3680 31 3776 31 3872 31 3968 31 4064 31 4161 30 4257 29 4354 28 4451 26 4547 26 4645 23 4742 21 4838 20 4936 17 5033 15 5130 12 5228 8 5326 5
cmr200_mask1,3390 1 3485 1 3580 2 3675 4 3771 4 3867 4 3963 4 4059 4 4154 6 4250 6 4346 6 4442 6 4538 7 4635 6 4731 7 4827 8 4923 8 5019 8 5115 9 5211 10 5308 9 5405 10 5501 11 5597 12 5693 14 5789 18 5808 1 5886 20 5982 16 6078 16 6175 14 6272 11 6369 7
cmr200_mask2,2156 8 2250 16 2344 20 2437 25 2532 12 2548 11 2627 9 2647 9 2722 9 2745 8 2818 7 2842 7 2913 7 2940 6 3009 5 3037 5 3104 5 3134 4 3200 5 3230 5 3295 5 3327 4 3391 5 3423 4 3486 6 3519 4 3582 6 3616 3 3679 4 3712 3 3775 5 3808 3 3871 5 3904 3 3967 5 4000 3 4063 5 4096 3 4160 4 4192 3 4256 5 4287 4 4352 6 4383 4 4448 6 4478 4 4545 5 4574 4 4641 6 4669 5 4738 5 4765 4 4835 5 4861 4 4931 7 4956 4 5027 9 5051 5 5124 9 5145 6 5221 10 5239 7 5317 24 5415 22 5512 19 5609 17 5707 12 5807 1 5809 2
cmr200_mask3,2544 4 2636 11 2731 14 2825 17 2920 20 3014 23 3109 25 3205 25 3300 27 3396 27 3492 27 3588 28 3683 29 3780 28 3876 28 3972 28 4068 28 4164 28 4261 26 4358 25 4454 24 4550 24 4647 22 4743 22 4840 21 4938 18 5036 15 5133 12 5231 8
